id,name,uri,href,external_urls
0eDvMgVFoNV3TpwtrVCoTj,Pop Smoke,spotify:artist:0eDvMgVFoNV3TpwtrVCoTj,https://api.spotify.com/v1/artists/0eDvMgVFoNV3TpwtrVCoTj,https://open.spotify.com/artist/0eDvMgVFoNV3TpwtrVCoTj
6EN9iGovybDcQZ2NtsqMFd,Sigurd Barrett,spotify:artist:6EN9iGovybDcQZ2NtsqMFd,https://api.spotify.com/v1/artists/6EN9iGovybDcQZ2NtsqMFd,https://open.spotify.com/artist/6EN9iGovybDcQZ2NtsqMFd
31TPClRtHm23RisEBtV3X7,Justin Timberlake,spotify:artist:31TPClRtHm23RisEBtV3X7,https://api.spotify.com/v1/artists/31TPClRtHm23RisEBtV3X7,https://open.spotify.com/artist/31TPClRtHm23RisEBtV3X7
0oXTS2yHUnuji1R7kc9J9a,Pascal Letoublon,spotify:artist:0oXTS2yHUnuji1R7kc9J9a,https://api.spotify.com/v1/artists/0oXTS2yHUnuji1R7kc9J9a,https://open.spotify.com/artist/0oXTS2yHUnuji1R7kc9J9a
2wY79sveU1sp5g7SokKOiI,Sam Smith,spotify:artist:2wY79sveU1sp5g7SokKOiI,https://api.spotify.com/v1/artists/2wY79sveU1sp5g7SokKOiI,https://open.spotify.com/artist/2wY79sveU1sp5g7SokKOiI
5zIcHgFNdGXtm07osu6vFN,Peter Wibe,spotify:artist:5zIcHgFNdGXtm07osu6vFN,https://api.spotify.com/v1/artists/5zIcHgFNdGXtm07osu6vFN,https://open.spotify.com/artist/5zIcHgFNdGXtm07osu6vFN
2DWEGeUDT1fbmLCUsygDO4,Marcia Juell,spotify:artist:2DWEGeUDT1fbmLCUsygDO4,https://api.spotify.com/v1/artists/2DWEGeUDT1fbmLCUsygDO4,https://open.spotify.com/artist/2DWEGeUDT1fbmLCUsygDO4
53XhwfbYqKCa1cC15pYq2q,Imagine Dragons,spotify:artist:53XhwfbYqKCa1cC15pYq2q,https://api.spotify.com/v1/artists/53XhwfbYqKCa1cC15pYq2q,https://open.spotify.com/artist/53XhwfbYqKCa1cC15pYq2q
2tIP7SsRs7vjIcLrU85W8J,The Kid LAROI,spotify:artist:2tIP7SsRs7vjIcLrU85W8J,https://api.spotify.com/v1/artists/2tIP7SsRs7vjIcLrU85W8J,https://open.spotify.com/artist/2tIP7SsRs7vjIcLrU85W8J
3tVQdUvClmAT7URs9V3rsp,WizKid,spotify:artist:3tVQdUvClmAT7URs9V3rsp,https://api.spotify.com/v1/artists/3tVQdUvClmAT7URs9V3rsp,https://open.spotify.com/artist/3tVQdUvClmAT7URs9V3rsp
6EPlBSH2RSiettczlz7ihV,Sleepy Hallow,spotify:artist:6EPlBSH2RSiettczlz7ihV,https://api.spotify.com/v1/artists/6EPlBSH2RSiettczlz7ihV,https://open.spotify.com/artist/6EPlBSH2RSiettczlz7ihV
6trIghKwHRUyxwvm66HLHH,Fousheé,spotify:artist:6trIghKwHRUyxwvm66HLHH,https://api.spotify.com/v1/artists/6trIghKwHRUyxwvm66HLHH,https://open.spotify.com/artist/6trIghKwHRUyxwvm66HLHH
7avo0PmlW8O1YLEt9DnWQT,Studio Killers,spotify:artist:7avo0PmlW8O1YLEt9DnWQT,https://api.spotify.com/v1/artists/7avo0PmlW8O1YLEt9DnWQT,https://open.spotify.com/artist/7avo0PmlW8O1YLEt9DnWQT
6M2wZ9GZgrQXHCFfjv46we,Dua Lipa,spotify:artist:6M2wZ9GZgrQXHCFfjv46we,https://api.spotify.com/v1/artists/6M2wZ9GZgrQXHCFfjv46we,https://open.spotify.com/artist/6M2wZ9GZgrQXHCFfjv46we
7nU4hB040gTmHm45YYMvqc,Hannah Montana,spotify:artist:7nU4hB040gTmHm45YYMvqc,https://api.spotify.com/v1/artists/7nU4hB040gTmHm45YYMvqc,https://open.spotify.com/artist/7nU4hB040gTmHm45YYMvqc
31SVUq3pcFhIuwnOlz8Ydo,Bobo Mbhele,spotify:artist:31SVUq3pcFhIuwnOlz8Ydo,https://api.spotify.com/v1/artists/31SVUq3pcFhIuwnOlz8Ydo,https://open.spotify.com/artist/31SVUq3pcFhIuwnOlz8Ydo
4Ijr6oNjLibby38inghdKO,Visca,spotify:artist:4Ijr6oNjLibby38inghdKO,https://api.spotify.com/v1/artists/4Ijr6oNjLibby38inghdKO,https://open.spotify.com/artist/4Ijr6oNjLibby38inghdKO
1bNjWBFWsAAzZSR59lRdpR,Kabza De Small,spotify:artist:1bNjWBFWsAAzZSR59lRdpR,https://api.spotify.com/v1/artists/1bNjWBFWsAAzZSR59lRdpR,https://open.spotify.com/artist/1bNjWBFWsAAzZSR59lRdpR
0mMqD2uqwvCjFvlzo6ayGi,DJ Maphorisa,spotify:artist:0mMqD2uqwvCjFvlzo6ayGi,https://api.spotify.com/v1/artists/0mMqD2uqwvCjFvlzo6ayGi,https://open.spotify.com/artist/0mMqD2uqwvCjFvlzo6ayGi
72bBlCDUI0rvPo9cDJUY2l,Subodh Su2,spotify:artist:72bBlCDUI0rvPo9cDJUY2l,https://api.spotify.com/v1/artists/72bBlCDUI0rvPo9cDJUY2l,https://open.spotify.com/artist/72bBlCDUI0rvPo9cDJUY2l
04gDigrS5kc9YWfZHwBETP,Maroon 5,spotify:artist:04gDigrS5kc9YWfZHwBETP,https://api.spotify.com/v1/artists/04gDigrS5kc9YWfZHwBETP,https://open.spotify.com/artist/04gDigrS5kc9YWfZHwBETP
55kFqCkq3PWt2vSacPf41Q,TypeHeat,spotify:artist:55kFqCkq3PWt2vSacPf41Q,https://api.spotify.com/v1/artists/55kFqCkq3PWt2vSacPf41Q,https://open.spotify.com/artist/55kFqCkq3PWt2vSacPf41Q
7uaIm6Pw7xplS8Dy06V6pT,Trevor Daniel,spotify:artist:7uaIm6Pw7xplS8Dy06V6pT,https://api.spotify.com/v1/artists/7uaIm6Pw7xplS8Dy06V6pT,https://open.spotify.com/artist/7uaIm6Pw7xplS8Dy06V6pT
1R2iRWvuwwokMKGHirNGTD,Serhat Durmus,spotify:artist:1R2iRWvuwwokMKGHirNGTD,https://api.spotify.com/v1/artists/1R2iRWvuwwokMKGHirNGTD,https://open.spotify.com/artist/1R2iRWvuwwokMKGHirNGTD
7dIpKWlEeAljA20vFJ82RD,Roar,spotify:artist:7dIpKWlEeAljA20vFJ82RD,https://api.spotify.com/v1/artists/7dIpKWlEeAljA20vFJ82RD,https://open.spotify.com/artist/7dIpKWlEeAljA20vFJ82RD
35d9HY68hiP3dEPohszJlh,MC Madan,spotify:artist:35d9HY68hiP3dEPohszJlh,https://api.spotify.com/v1/artists/35d9HY68hiP3dEPohszJlh,https://open.spotify.com/artist/35d9HY68hiP3dEPohszJlh
7dGJo4pcD2V6oG8kP0tJRR,Eminem,spotify:artist:7dGJo4pcD2V6oG8kP0tJRR,https://api.spotify.com/v1/artists/7dGJo4pcD2V6oG8kP0tJRR,https://open.spotify.com/artist/7dGJo4pcD2V6oG8kP0tJRR
5Y5TRrQiqgUO4S36tzjIRZ,Timbaland,spotify:artist:5Y5TRrQiqgUO4S36tzjIRZ,https://api.spotify.com/v1/artists/5Y5TRrQiqgUO4S36tzjIRZ,https://open.spotify.com/artist/5Y5TRrQiqgUO4S36tzjIRZ
4llAOeA6kEF4ytaB2fsmcW,Lemon Demon,spotify:artist:4llAOeA6kEF4ytaB2fsmcW,https://api.spotify.com/v1/artists/4llAOeA6kEF4ytaB2fsmcW,https://open.spotify.com/artist/4llAOeA6kEF4ytaB2fsmcW
2feDdbD5araYcm6JhFHHw7,Labrinth,spotify:artist:2feDdbD5araYcm6JhFHHw7,https://api.spotify.com/v1/artists/2feDdbD5araYcm6JhFHHw7,https://open.spotify.com/artist/2feDdbD5araYcm6JhFHHw7
0hu94twCEudpR1Zj2qOHWC,Judubre,spotify:artist:0hu94twCEudpR1Zj2qOHWC,https://api.spotify.com/v1/artists/0hu94twCEudpR1Zj2qOHWC,https://open.spotify.com/artist/0hu94twCEudpR1Zj2qOHWC
7iDtJkNeuBUsUU03UMzZzE,Ese Té,spotify:artist:7iDtJkNeuBUsUU03UMzZzE,https://api.spotify.com/v1/artists/7iDtJkNeuBUsUU03UMzZzE,https://open.spotify.com/artist/7iDtJkNeuBUsUU03UMzZzE
2u1VkhuQOhZZfZHU1nff4J,Mpro,spotify:artist:2u1VkhuQOhZZfZHU1nff4J,https://api.spotify.com/v1/artists/2u1VkhuQOhZZfZHU1nff4J,https://open.spotify.com/artist/2u1VkhuQOhZZfZHU1nff4J
1Cs0zKBU1kc0i8ypK3B9ai,David Guetta,spotify:artist:1Cs0zKBU1kc0i8ypK3B9ai,https://api.spotify.com/v1/artists/1Cs0zKBU1kc0i8ypK3B9ai,https://open.spotify.com/artist/1Cs0zKBU1kc0i8ypK3B9ai
4D75GcNG95ebPtNvoNVXhz,Afrojack,spotify:artist:4D75GcNG95ebPtNvoNVXhz,https://api.spotify.com/v1/artists/4D75GcNG95ebPtNvoNVXhz,https://open.spotify.com/artist/4D75GcNG95ebPtNvoNVXhz
64M6ah0SkkRsnPGtGiRAbb,Bebe Rexha,spotify:artist:64M6ah0SkkRsnPGtGiRAbb,https://api.spotify.com/v1/artists/64M6ah0SkkRsnPGtGiRAbb,https://open.spotify.com/artist/64M6ah0SkkRsnPGtGiRAbb
0hCNtLu0JehylgoiP8L4Gh,Nicki Minaj,spotify:artist:0hCNtLu0JehylgoiP8L4Gh,https://api.spotify.com/v1/artists/0hCNtLu0JehylgoiP8L4Gh,https://open.spotify.com/artist/0hCNtLu0JehylgoiP8L4Gh
1dfeR4HaWDbWqFHLkxsg1d,Queen,spotify:artist:1dfeR4HaWDbWqFHLkxsg1d,https://api.spotify.com/v1/artists/1dfeR4HaWDbWqFHLkxsg1d,https://open.spotify.com/artist/1dfeR4HaWDbWqFHLkxsg1d
64EHXDoln95lnccszdPum0,Royal & the Serpent,spotify:artist:64EHXDoln95lnccszdPum0,https://api.spotify.com/v1/artists/64EHXDoln95lnccszdPum0,https://open.spotify.com/artist/64EHXDoln95lnccszdPum0
2lD1D6eEh7xQdBtnl2Ik7Y,Hildur Guðnadóttir,spotify:artist:2lD1D6eEh7xQdBtnl2Ik7Y,https://api.spotify.com/v1/artists/2lD1D6eEh7xQdBtnl2Ik7Y,https://open.spotify.com/artist/2lD1D6eEh7xQdBtnl2Ik7Y
40rMXLZxOfSkzacnuHAGdW,DanceToTik,spotify:artist:40rMXLZxOfSkzacnuHAGdW,https://api.spotify.com/v1/artists/40rMXLZxOfSkzacnuHAGdW,https://open.spotify.com/artist/40rMXLZxOfSkzacnuHAGdW
20JZFwl6HVl6yg8a4H3ZqK,Panic! At The Disco,spotify:artist:20JZFwl6HVl6yg8a4H3ZqK,https://api.spotify.com/v1/artists/20JZFwl6HVl6yg8a4H3ZqK,https://open.spotify.com/artist/20JZFwl6HVl6yg8a4H3ZqK
5QIyBglX5drRFMeabjdhpS,Leo Desouza,spotify:artist:5QIyBglX5drRFMeabjdhpS,https://api.spotify.com/v1/artists/5QIyBglX5drRFMeabjdhpS,https://open.spotify.com/artist/5QIyBglX5drRFMeabjdhpS
6WQPAu0zOLAgHHeE1lmSvw,Sundar Narayana Rao,spotify:artist:6WQPAu0zOLAgHHeE1lmSvw,https://api.spotify.com/v1/artists/6WQPAu0zOLAgHHeE1lmSvw,https://open.spotify.com/artist/6WQPAu0zOLAgHHeE1lmSvw
7yntSJ6uojO3z6GFUVwhAW,CORPSE,spotify:artist:7yntSJ6uojO3z6GFUVwhAW,https://api.spotify.com/v1/artists/7yntSJ6uojO3z6GFUVwhAW,https://open.spotify.com/artist/7yntSJ6uojO3z6GFUVwhAW
0x7qiZJaal6j8qS7yCydFk,Savage Ga$p,spotify:artist:0x7qiZJaal6j8qS7yCydFk,https://api.spotify.com/v1/artists/0x7qiZJaal6j8qS7yCydFk,https://open.spotify.com/artist/0x7qiZJaal6j8qS7yCydFk
2pV4eqEWsHrgwSbuAg2fmi,MC Teteu,spotify:artist:2pV4eqEWsHrgwSbuAg2fmi,https://api.spotify.com/v1/artists/2pV4eqEWsHrgwSbuAg2fmi,https://open.spotify.com/artist/2pV4eqEWsHrgwSbuAg2fmi
5KYEMMz9O9iLIESifKAEOp,WhoHeem,spotify:artist:5KYEMMz9O9iLIESifKAEOp,https://api.spotify.com/v1/artists/5KYEMMz9O9iLIESifKAEOp,https://open.spotify.com/artist/5KYEMMz9O9iLIESifKAEOp
65lnOtC17SrJDt6CYdixJI,Edy Lemond,spotify:artist:65lnOtC17SrJDt6CYdixJI,https://api.spotify.com/v1/artists/65lnOtC17SrJDt6CYdixJI,https://open.spotify.com/artist/65lnOtC17SrJDt6CYdixJI
1cNPXWhKfjI0fT5EMCnamR,Dj Guuga,spotify:artist:1cNPXWhKfjI0fT5EMCnamR,https://api.spotify.com/v1/artists/1cNPXWhKfjI0fT5EMCnamR,https://open.spotify.com/artist/1cNPXWhKfjI0fT5EMCnamR
2zWqENF4cnsd1nLmraG9IE,DJ Lucas Beat,spotify:artist:2zWqENF4cnsd1nLmraG9IE,https://api.spotify.com/v1/artists/2zWqENF4cnsd1nLmraG9IE,https://open.spotify.com/artist/2zWqENF4cnsd1nLmraG9IE
1mAjrDuYNJU2ilt49OITNK,Ander Huang,spotify:artist:1mAjrDuYNJU2ilt49OITNK,https://api.spotify.com/v1/artists/1mAjrDuYNJU2ilt49OITNK,https://open.spotify.com/artist/1mAjrDuYNJU2ilt49OITNK
0GsKVW9sqbA6UjmTQakusR,DJ Kuromi,spotify:artist:0GsKVW9sqbA6UjmTQakusR,https://api.spotify.com/v1/artists/0GsKVW9sqbA6UjmTQakusR,https://open.spotify.com/artist/0GsKVW9sqbA6UjmTQakusR
3Oim8XBPbznAa8Jj8QzNc8,Cults,spotify:artist:3Oim8XBPbznAa8Jj8QzNc8,https://api.spotify.com/v1/artists/3Oim8XBPbznAa8Jj8QzNc8,https://open.spotify.com/artist/3Oim8XBPbznAa8Jj8QzNc8
05UwRaoOjJPuGzCtawrORF,Euge Groove,spotify:artist:05UwRaoOjJPuGzCtawrORF,https://api.spotify.com/v1/artists/05UwRaoOjJPuGzCtawrORF,https://open.spotify.com/artist/05UwRaoOjJPuGzCtawrORF
5F2Jw5FZF3EEgjW55QNnJn,Burimkosa,spotify:artist:5F2Jw5FZF3EEgjW55QNnJn,https://api.spotify.com/v1/artists/5F2Jw5FZF3EEgjW55QNnJn,https://open.spotify.com/artist/5F2Jw5FZF3EEgjW55QNnJn
7M3xY5iHSzEtoL3FpqOD75,Garry Sandhu,spotify:artist:7M3xY5iHSzEtoL3FpqOD75,https://api.spotify.com/v1/artists/7M3xY5iHSzEtoL3FpqOD75,https://open.spotify.com/artist/7M3xY5iHSzEtoL3FpqOD75
4z0z82pXirH1TrygipQlOo,Afsana Khan,spotify:artist:4z0z82pXirH1TrygipQlOo,https://api.spotify.com/v1/artists/4z0z82pXirH1TrygipQlOo,https://open.spotify.com/artist/4z0z82pXirH1TrygipQlOo
6qJ61DomA73g7jQEKESw9Z,Noisecontrollers,spotify:artist:6qJ61DomA73g7jQEKESw9Z,https://api.spotify.com/v1/artists/6qJ61DomA73g7jQEKESw9Z,https://open.spotify.com/artist/6qJ61DomA73g7jQEKESw9Z
6JiodYa8Ygs4g44z03RK3m,M.S. Art,spotify:artist:6JiodYa8Ygs4g44z03RK3m,https://api.spotify.com/v1/artists/6JiodYa8Ygs4g44z03RK3m,https://open.spotify.com/artist/6JiodYa8Ygs4g44z03RK3m
6vWDO969PvNqNYHIOW5v0m,Beyoncé,spotify:artist:6vWDO969PvNqNYHIOW5v0m,https://api.spotify.com/v1/artists/6vWDO969PvNqNYHIOW5v0m,https://open.spotify.com/artist/6vWDO969PvNqNYHIOW5v0m
3nFkdlSjzX9mRTtwJOzDYB,JAY-Z,spotify:artist:3nFkdlSjzX9mRTtwJOzDYB,https://api.spotify.com/v1/artists/3nFkdlSjzX9mRTtwJOzDYB,https://open.spotify.com/artist/3nFkdlSjzX9mRTtwJOzDYB
1yxSLGMDHlW21z4YXirZDS,Black Eyed Peas,spotify:artist:1yxSLGMDHlW21z4YXirZDS,https://api.spotify.com/v1/artists/1yxSLGMDHlW21z4YXirZDS,https://open.spotify.com/artist/1yxSLGMDHlW21z4YXirZDS
12rBrcOPP50qIan8ew4iTP,Deep Chills,spotify:artist:12rBrcOPP50qIan8ew4iTP,https://api.spotify.com/v1/artists/12rBrcOPP50qIan8ew4iTP,https://open.spotify.com/artist/12rBrcOPP50qIan8ew4iTP
2ol1cb6xyYpaxRTUsl1CYN,IVIE,spotify:artist:2ol1cb6xyYpaxRTUsl1CYN,https://api.spotify.com/v1/artists/2ol1cb6xyYpaxRTUsl1CYN,https://open.spotify.com/artist/2ol1cb6xyYpaxRTUsl1CYN
2THAOBlflMw07ybGtsKCjn,Prageeth Perera,spotify:artist:2THAOBlflMw07ybGtsKCjn,https://api.spotify.com/v1/artists/2THAOBlflMw07ybGtsKCjn,https://open.spotify.com/artist/2THAOBlflMw07ybGtsKCjn
0NeC6ploeJUq8oDwYQjNPS,Bomfunk MC's,spotify:artist:0NeC6ploeJUq8oDwYQjNPS,https://api.spotify.com/v1/artists/0NeC6ploeJUq8oDwYQjNPS,https://open.spotify.com/artist/0NeC6ploeJUq8oDwYQjNPS
7sVQKNtdP2NylxMgbNOJMM,Goldfinger,spotify:artist:7sVQKNtdP2NylxMgbNOJMM,https://api.spotify.com/v1/artists/7sVQKNtdP2NylxMgbNOJMM,https://open.spotify.com/artist/7sVQKNtdP2NylxMgbNOJMM
7dWYWUbO68rXJOcyA7SpJk,Fort Minor,spotify:artist:7dWYWUbO68rXJOcyA7SpJk,https://api.spotify.com/v1/artists/7dWYWUbO68rXJOcyA7SpJk,https://open.spotify.com/artist/7dWYWUbO68rXJOcyA7SpJk
5bf6yYgHODBW5EreBZshpX,Styles Of Beyond,spotify:artist:5bf6yYgHODBW5EreBZshpX,https://api.spotify.com/v1/artists/5bf6yYgHODBW5EreBZshpX,https://open.spotify.com/artist/5bf6yYgHODBW5EreBZshpX
3WYkULuwVr6K98AQ2s3SYt,Young Fanatic,spotify:artist:3WYkULuwVr6K98AQ2s3SYt,https://api.spotify.com/v1/artists/3WYkULuwVr6K98AQ2s3SYt,https://open.spotify.com/artist/3WYkULuwVr6K98AQ2s3SYt
0BHo5QBLAjH32hoe4xHGYq,Elilluminari,spotify:artist:0BHo5QBLAjH32hoe4xHGYq,https://api.spotify.com/v1/artists/0BHo5QBLAjH32hoe4xHGYq,https://open.spotify.com/artist/0BHo5QBLAjH32hoe4xHGYq
2NLseG7xyv3fHY5U8AUntx,Kenndog,spotify:artist:2NLseG7xyv3fHY5U8AUntx,https://api.spotify.com/v1/artists/2NLseG7xyv3fHY5U8AUntx,https://open.spotify.com/artist/2NLseG7xyv3fHY5U8AUntx
0H39MdGGX6dbnnQPt6NQkZ,SAINt JHN,spotify:artist:0H39MdGGX6dbnnQPt6NQkZ,https://api.spotify.com/v1/artists/0H39MdGGX6dbnnQPt6NQkZ,https://open.spotify.com/artist/0H39MdGGX6dbnnQPt6NQkZ
1vyhD5VmyZ7KMfW5gqLgo5,J Balvin,spotify:artist:1vyhD5VmyZ7KMfW5gqLgo5,https://api.spotify.com/v1/artists/1vyhD5VmyZ7KMfW5gqLgo5,https://open.spotify.com/artist/1vyhD5VmyZ7KMfW5gqLgo5
5rGrDvrLOV2VV8SCFVGWlj,Imanbek,spotify:artist:5rGrDvrLOV2VV8SCFVGWlj,https://api.spotify.com/v1/artists/5rGrDvrLOV2VV8SCFVGWlj,https://open.spotify.com/artist/5rGrDvrLOV2VV8SCFVGWlj
70B80Lwx2sxti0M1Ng9e8K,Udit Narayan,spotify:artist:70B80Lwx2sxti0M1Ng9e8K,https://api.spotify.com/v1/artists/70B80Lwx2sxti0M1Ng9e8K,https://open.spotify.com/artist/70B80Lwx2sxti0M1Ng9e8K
0Tn7oEmE8zDUR340Doo9zl,Aamir Khan,spotify:artist:0Tn7oEmE8zDUR340Doo9zl,https://api.spotify.com/v1/artists/0Tn7oEmE8zDUR340Doo9zl,https://open.spotify.com/artist/0Tn7oEmE8zDUR340Doo9zl
1ZWh3U5n88mNGhOGNqTWy4,Shankar Madhavan,spotify:artist:1ZWh3U5n88mNGhOGNqTWy4,https://api.spotify.com/v1/artists/1ZWh3U5n88mNGhOGNqTWy4,https://open.spotify.com/artist/1ZWh3U5n88mNGhOGNqTWy4
6qrqAYlS6lUj2BVXax7SZW,Mc Jacaré,spotify:artist:6qrqAYlS6lUj2BVXax7SZW,https://api.spotify.com/v1/artists/6qrqAYlS6lUj2BVXax7SZW,https://open.spotify.com/artist/6qrqAYlS6lUj2BVXax7SZW
3lg2ifStDpwfnvFIQYys6x,Seven 13,spotify:artist:3lg2ifStDpwfnvFIQYys6x,https://api.spotify.com/v1/artists/3lg2ifStDpwfnvFIQYys6x,https://open.spotify.com/artist/3lg2ifStDpwfnvFIQYys6x
3KwmxIhSe9UTSEF37kwngR,SHAED,spotify:artist:3KwmxIhSe9UTSEF37kwngR,https://api.spotify.com/v1/artists/3KwmxIhSe9UTSEF37kwngR,https://open.spotify.com/artist/3KwmxIhSe9UTSEF37kwngR
5ZsFI1h6hIdQRw2ti0hz81,ZAYN,spotify:artist:5ZsFI1h6hIdQRw2ti0hz81,https://api.spotify.com/v1/artists/5ZsFI1h6hIdQRw2ti0hz81,https://open.spotify.com/artist/5ZsFI1h6hIdQRw2ti0hz81
2bpkThEPVrkcoAJpTFAVLR,Cele,spotify:artist:2bpkThEPVrkcoAJpTFAVLR,https://api.spotify.com/v1/artists/2bpkThEPVrkcoAJpTFAVLR,https://open.spotify.com/artist/2bpkThEPVrkcoAJpTFAVLR
1hUvMU3Sw9PKvnwftPtx8S,La Nevula23 Productor,spotify:artist:1hUvMU3Sw9PKvnwftPtx8S,https://api.spotify.com/v1/artists/1hUvMU3Sw9PKvnwftPtx8S,https://open.spotify.com/artist/1hUvMU3Sw9PKvnwftPtx8S
7GxDSkzO9cp1E7nYeaE2OR,La Niña23,spotify:artist:7GxDSkzO9cp1E7nYeaE2OR,https://api.spotify.com/v1/artists/7GxDSkzO9cp1E7nYeaE2OR,https://open.spotify.com/artist/7GxDSkzO9cp1E7nYeaE2OR
3CQIn7N5CuRDP8wEI7FiDA,Runâ€“D.M.C.,spotify:artist:3CQIn7N5CuRDP8wEI7FiDA,https://api.spotify.com/v1/artists/3CQIn7N5CuRDP8wEI7FiDA,https://open.spotify.com/artist/3CQIn7N5CuRDP8wEI7FiDA
0EcONmi2k83CgN8qbnTCSr,Cekay Pellegrini,spotify:artist:0EcONmi2k83CgN8qbnTCSr,https://api.spotify.com/v1/artists/0EcONmi2k83CgN8qbnTCSr,https://open.spotify.com/artist/0EcONmi2k83CgN8qbnTCSr
36IZOYAiNXlU6SGwtE8nOU,WicoSanii,spotify:artist:36IZOYAiNXlU6SGwtE8nOU,https://api.spotify.com/v1/artists/36IZOYAiNXlU6SGwtE8nOU,https://open.spotify.com/artist/36IZOYAiNXlU6SGwtE8nOU
1dzkTaQ9fvILegmn69rwQQ,CK Pellegrini,spotify:artist:1dzkTaQ9fvILegmn69rwQQ,https://api.spotify.com/v1/artists/1dzkTaQ9fvILegmn69rwQQ,https://open.spotify.com/artist/1dzkTaQ9fvILegmn69rwQQ
0NB5HROxc8dDBXpkIi1v3d,Remi Wolf,spotify:artist:0NB5HROxc8dDBXpkIi1v3d,https://api.spotify.com/v1/artists/0NB5HROxc8dDBXpkIi1v3d,https://open.spotify.com/artist/0NB5HROxc8dDBXpkIi1v3d
6CTStccOisUTgXVrtCIANm,Ricky Desktop,spotify:artist:6CTStccOisUTgXVrtCIANm,https://api.spotify.com/v1/artists/6CTStccOisUTgXVrtCIANm,https://open.spotify.com/artist/6CTStccOisUTgXVrtCIANm
2B7dcjOAJTVHcx2sqFq5rh,Pramoth Ganearachchi,spotify:artist:2B7dcjOAJTVHcx2sqFq5rh,https://api.spotify.com/v1/artists/2B7dcjOAJTVHcx2sqFq5rh,https://open.spotify.com/artist/2B7dcjOAJTVHcx2sqFq5rh
4UCkHOcOElTU84opFV3ZLt,Asanjaya Weerasinghe,spotify:artist:4UCkHOcOElTU84opFV3ZLt,https://api.spotify.com/v1/artists/4UCkHOcOElTU84opFV3ZLt,https://open.spotify.com/artist/4UCkHOcOElTU84opFV3ZLt
2efqviq8o3fVYlXqmVoWch,Deshan Vilege,spotify:artist:2efqviq8o3fVYlXqmVoWch,https://api.spotify.com/v1/artists/2efqviq8o3fVYlXqmVoWch,https://open.spotify.com/artist/2efqviq8o3fVYlXqmVoWch
2d7CeM4KaY6QlrZ6AFGR1i,Thuwan Inzamam,spotify:artist:2d7CeM4KaY6QlrZ6AFGR1i,https://api.spotify.com/v1/artists/2d7CeM4KaY6QlrZ6AFGR1i,https://open.spotify.com/artist/2d7CeM4KaY6QlrZ6AFGR1i
3RThWxnHbyN5Hvkr66eYj7,Busiswa,spotify:artist:3RThWxnHbyN5Hvkr66eYj7,https://api.spotify.com/v1/artists/3RThWxnHbyN5Hvkr66eYj7,https://open.spotify.com/artist/3RThWxnHbyN5Hvkr66eYj7
2Sk69W0GQYhDKFucnBpZsc,Zingah,spotify:artist:2Sk69W0GQYhDKFucnBpZsc,https://api.spotify.com/v1/artists/2Sk69W0GQYhDKFucnBpZsc,https://open.spotify.com/artist/2Sk69W0GQYhDKFucnBpZsc
3fdFRgy3GmfiWQqeKbmFS8,Mas Musiq,spotify:artist:3fdFRgy3GmfiWQqeKbmFS8,https://api.spotify.com/v1/artists/3fdFRgy3GmfiWQqeKbmFS8,https://open.spotify.com/artist/3fdFRgy3GmfiWQqeKbmFS8
4tpUmLEVLCGFr93o8hFFIB,Blondie,spotify:artist:4tpUmLEVLCGFr93o8hFFIB,https://api.spotify.com/v1/artists/4tpUmLEVLCGFr93o8hFFIB,https://open.spotify.com/artist/4tpUmLEVLCGFr93o8hFFIB
3DN7OJUQmcj8YAwNaOaiEZ,John Wolf,spotify:artist:3DN7OJUQmcj8YAwNaOaiEZ,https://api.spotify.com/v1/artists/3DN7OJUQmcj8YAwNaOaiEZ,https://open.spotify.com/artist/3DN7OJUQmcj8YAwNaOaiEZ
4IVfE4yiJWtvlXxILnn4YF,Ron Jappy,spotify:artist:4IVfE4yiJWtvlXxILnn4YF,https://api.spotify.com/v1/artists/4IVfE4yiJWtvlXxILnn4YF,https://open.spotify.com/artist/4IVfE4yiJWtvlXxILnn4YF
0cKrM2XKF7wxyfEQDauvyQ,DJ Godfather,spotify:artist:0cKrM2XKF7wxyfEQDauvyQ,https://api.spotify.com/v1/artists/0cKrM2XKF7wxyfEQDauvyQ,https://open.spotify.com/artist/0cKrM2XKF7wxyfEQDauvyQ
7pFeBzX627ff0VnN6bxPR4,Desiigner,spotify:artist:7pFeBzX627ff0VnN6bxPR4,https://api.spotify.com/v1/artists/7pFeBzX627ff0VnN6bxPR4,https://open.spotify.com/artist/7pFeBzX627ff0VnN6bxPR4
5oAjLXTvB7VDWn3Up9LYcQ,Luca Lush,spotify:artist:5oAjLXTvB7VDWn3Up9LYcQ,https://api.spotify.com/v1/artists/5oAjLXTvB7VDWn3Up9LYcQ,https://open.spotify.com/artist/5oAjLXTvB7VDWn3Up9LYcQ
2PWu3zC7ND76zqHvcettp3,Larm Wolke,spotify:artist:2PWu3zC7ND76zqHvcettp3,https://api.spotify.com/v1/artists/2PWu3zC7ND76zqHvcettp3,https://open.spotify.com/artist/2PWu3zC7ND76zqHvcettp3
1xJHO26o96m0EIcUX9MGZD,Mc Arco Íris,spotify:artist:1xJHO26o96m0EIcUX9MGZD,https://api.spotify.com/v1/artists/1xJHO26o96m0EIcUX9MGZD,https://open.spotify.com/artist/1xJHO26o96m0EIcUX9MGZD
5cj0lLjcoR7YOSnhnX0Po5,Doja Cat,spotify:artist:5cj0lLjcoR7YOSnhnX0Po5,https://api.spotify.com/v1/artists/5cj0lLjcoR7YOSnhnX0Po5,https://open.spotify.com/artist/5cj0lLjcoR7YOSnhnX0Po5
6qqNVTkY8uBg9cP3Jd7DAH,Billie Eilish,spotify:artist:6qqNVTkY8uBg9cP3Jd7DAH,https://api.spotify.com/v1/artists/6qqNVTkY8uBg9cP3Jd7DAH,https://open.spotify.com/artist/6qqNVTkY8uBg9cP3Jd7DAH
201BDST0ijVDCJ5c27rLQl,Trees and Lucy,spotify:artist:201BDST0ijVDCJ5c27rLQl,https://api.spotify.com/v1/artists/201BDST0ijVDCJ5c27rLQl,https://open.spotify.com/artist/201BDST0ijVDCJ5c27rLQl
66CXWjxzNUsdJxJ2JdwvnR,Ariana Grande,spotify:artist:66CXWjxzNUsdJxJ2JdwvnR,https://api.spotify.com/v1/artists/66CXWjxzNUsdJxJ2JdwvnR,https://open.spotify.com/artist/66CXWjxzNUsdJxJ2JdwvnR
0dfi9ce1lws4seeWCNWS3U,Robert Harper,spotify:artist:0dfi9ce1lws4seeWCNWS3U,https://api.spotify.com/v1/artists/0dfi9ce1lws4seeWCNWS3U,https://open.spotify.com/artist/0dfi9ce1lws4seeWCNWS3U
2JXn03fudjyRkQ1Ye9f5rk,Los Del Rio,spotify:artist:2JXn03fudjyRkQ1Ye9f5rk,https://api.spotify.com/v1/artists/2JXn03fudjyRkQ1Ye9f5rk,https://open.spotify.com/artist/2JXn03fudjyRkQ1Ye9f5rk
5XpynS30vllvVxlNxjtzbj,Dna,spotify:artist:5XpynS30vllvVxlNxjtzbj,https://api.spotify.com/v1/artists/5XpynS30vllvVxlNxjtzbj,https://open.spotify.com/artist/5XpynS30vllvVxlNxjtzbj
3NJPxuEUrbunH0HpSXfTxL,AND,spotify:artist:3NJPxuEUrbunH0HpSXfTxL,https://api.spotify.com/v1/artists/3NJPxuEUrbunH0HpSXfTxL,https://open.spotify.com/artist/3NJPxuEUrbunH0HpSXfTxL
5yG7ZAZafVaAlMTeBybKAL,Iggy Azalea,spotify:artist:5yG7ZAZafVaAlMTeBybKAL,https://api.spotify.com/v1/artists/5yG7ZAZafVaAlMTeBybKAL,https://open.spotify.com/artist/5yG7ZAZafVaAlMTeBybKAL
5LHRHt1k9lMyONurDHEdrp,Tyga,spotify:artist:5LHRHt1k9lMyONurDHEdrp,https://api.spotify.com/v1/artists/5LHRHt1k9lMyONurDHEdrp,https://open.spotify.com/artist/5LHRHt1k9lMyONurDHEdrp
0gKH2HLKS4gR21CozdoPse,Centigradz,spotify:artist:0gKH2HLKS4gR21CozdoPse,https://api.spotify.com/v1/artists/0gKH2HLKS4gR21CozdoPse,https://open.spotify.com/artist/0gKH2HLKS4gR21CozdoPse
79bxUQsBIXO8nVLB9fYKf7,Modern Talking,spotify:artist:79bxUQsBIXO8nVLB9fYKf7,https://api.spotify.com/v1/artists/79bxUQsBIXO8nVLB9fYKf7,https://open.spotify.com/artist/79bxUQsBIXO8nVLB9fYKf7
2MWP2yOPoKgLiUiHa5i4Si,Kappo,spotify:artist:2MWP2yOPoKgLiUiHa5i4Si,https://api.spotify.com/v1/artists/2MWP2yOPoKgLiUiHa5i4Si,https://open.spotify.com/artist/2MWP2yOPoKgLiUiHa5i4Si
59KX7XUUgAOOo5IyDjca0T,Verzache,spotify:artist:59KX7XUUgAOOo5IyDjca0T,https://api.spotify.com/v1/artists/59KX7XUUgAOOo5IyDjca0T,https://open.spotify.com/artist/59KX7XUUgAOOo5IyDjca0T
1vVHevk2PD45epYnDi9CCc,Jack Stauber,spotify:artist:1vVHevk2PD45epYnDi9CCc,https://api.spotify.com/v1/artists/1vVHevk2PD45epYnDi9CCc,https://open.spotify.com/artist/1vVHevk2PD45epYnDi9CCc
38pocG0s7O6z0aksDUm4S2,DJ Moody,spotify:artist:38pocG0s7O6z0aksDUm4S2,https://api.spotify.com/v1/artists/38pocG0s7O6z0aksDUm4S2,https://open.spotify.com/artist/38pocG0s7O6z0aksDUm4S2
5zctI4wO9XSKS8XwcnqEHk,Lil Mosey,spotify:artist:5zctI4wO9XSKS8XwcnqEHk,https://api.spotify.com/v1/artists/5zctI4wO9XSKS8XwcnqEHk,https://open.spotify.com/artist/5zctI4wO9XSKS8XwcnqEHk
47MpMsUfWtgyIIBEFOr4FE,Lunay,spotify:artist:47MpMsUfWtgyIIBEFOr4FE,https://api.spotify.com/v1/artists/47MpMsUfWtgyIIBEFOr4FE,https://open.spotify.com/artist/47MpMsUfWtgyIIBEFOr4FE
545kLWS5VxeA7THdr1eIyO,Stantough,spotify:artist:545kLWS5VxeA7THdr1eIyO,https://api.spotify.com/v1/artists/545kLWS5VxeA7THdr1eIyO,https://open.spotify.com/artist/545kLWS5VxeA7THdr1eIyO
4p75GTNEXwsAAkpweMVtKo,Monte Booker,spotify:artist:4p75GTNEXwsAAkpweMVtKo,https://api.spotify.com/v1/artists/4p75GTNEXwsAAkpweMVtKo,https://open.spotify.com/artist/4p75GTNEXwsAAkpweMVtKo
1ybINI1qPiFbwDXamRtwxD,Smino,spotify:artist:1ybINI1qPiFbwDXamRtwxD,https://api.spotify.com/v1/artists/1ybINI1qPiFbwDXamRtwxD,https://open.spotify.com/artist/1ybINI1qPiFbwDXamRtwxD
7w4cOzDZ5rfomlKHfunmbV,Lehmber Hussainpuri,spotify:artist:7w4cOzDZ5rfomlKHfunmbV,https://api.spotify.com/v1/artists/7w4cOzDZ5rfomlKHfunmbV,https://open.spotify.com/artist/7w4cOzDZ5rfomlKHfunmbV
0SfsnGyD8FpIN4U4WCkBZ5,Armin van Buuren,spotify:artist:0SfsnGyD8FpIN4U4WCkBZ5,https://api.spotify.com/v1/artists/0SfsnGyD8FpIN4U4WCkBZ5,https://open.spotify.com/artist/0SfsnGyD8FpIN4U4WCkBZ5
761TVEWipkW4DkdWHNZ9w9,Ocho Drippin,spotify:artist:761TVEWipkW4DkdWHNZ9w9,https://api.spotify.com/v1/artists/761TVEWipkW4DkdWHNZ9w9,https://open.spotify.com/artist/761TVEWipkW4DkdWHNZ9w9
3bmNg1VxW45Oy2S2JzELkQ,iamjuampi,spotify:artist:3bmNg1VxW45Oy2S2JzELkQ,https://api.spotify.com/v1/artists/3bmNg1VxW45Oy2S2JzELkQ,https://open.spotify.com/artist/3bmNg1VxW45Oy2S2JzELkQ
5xErCz7D25FaaKAUbpz2cz,ACR,spotify:artist:5xErCz7D25FaaKAUbpz2cz,https://api.spotify.com/v1/artists/5xErCz7D25FaaKAUbpz2cz,https://open.spotify.com/artist/5xErCz7D25FaaKAUbpz2cz
0d1N6aOmtAiegUsDEwlBqL,Headass,spotify:artist:0d1N6aOmtAiegUsDEwlBqL,https://api.spotify.com/v1/artists/0d1N6aOmtAiegUsDEwlBqL,https://open.spotify.com/artist/0d1N6aOmtAiegUsDEwlBqL
6t1gpxYbY8OlLA7D2RiikQ,Loud Luxury,spotify:artist:6t1gpxYbY8OlLA7D2RiikQ,https://api.spotify.com/v1/artists/6t1gpxYbY8OlLA7D2RiikQ,https://open.spotify.com/artist/6t1gpxYbY8OlLA7D2RiikQ
3yjqxf3d3aCOFrrsxIl326,Chus & Ceballos,spotify:artist:3yjqxf3d3aCOFrrsxIl326,https://api.spotify.com/v1/artists/3yjqxf3d3aCOFrrsxIl326,https://open.spotify.com/artist/3yjqxf3d3aCOFrrsxIl326
5uEeqYFuIChoWKy34jp8xE,Brando,spotify:artist:5uEeqYFuIChoWKy34jp8xE,https://api.spotify.com/v1/artists/5uEeqYFuIChoWKy34jp8xE,https://open.spotify.com/artist/5uEeqYFuIChoWKy34jp8xE
6UBA15slIuadJ8h2lPRPos,Tech N9ne,spotify:artist:6UBA15slIuadJ8h2lPRPos,https://api.spotify.com/v1/artists/6UBA15slIuadJ8h2lPRPos,https://open.spotify.com/artist/6UBA15slIuadJ8h2lPRPos
6AiX12wXdXFoGJ2vk8zBjy,Yuvan Shankar Raja,spotify:artist:6AiX12wXdXFoGJ2vk8zBjy,https://api.spotify.com/v1/artists/6AiX12wXdXFoGJ2vk8zBjy,https://open.spotify.com/artist/6AiX12wXdXFoGJ2vk8zBjy
2NoJ7NuNs9nyj8Thoh1kbu,Hariharan,spotify:artist:2NoJ7NuNs9nyj8Thoh1kbu,https://api.spotify.com/v1/artists/2NoJ7NuNs9nyj8Thoh1kbu,https://open.spotify.com/artist/2NoJ7NuNs9nyj8Thoh1kbu
6F3vLfyutkUhpM50G84eMt,Endor,spotify:artist:6F3vLfyutkUhpM50G84eMt,https://api.spotify.com/v1/artists/6F3vLfyutkUhpM50G84eMt,https://open.spotify.com/artist/6F3vLfyutkUhpM50G84eMt
20wrQurgPiqGwdy400EHUm,Juan,spotify:artist:20wrQurgPiqGwdy400EHUm,https://api.spotify.com/v1/artists/20wrQurgPiqGwdy400EHUm,https://open.spotify.com/artist/20wrQurgPiqGwdy400EHUm
790FomKkXshlbRYZFtlgla,KAROL G,spotify:artist:790FomKkXshlbRYZFtlgla,https://api.spotify.com/v1/artists/790FomKkXshlbRYZFtlgla,https://open.spotify.com/artist/790FomKkXshlbRYZFtlgla
0EmeFodog0BfCgMzAIvKQp,Shakira,spotify:artist:0EmeFodog0BfCgMzAIvKQp,https://api.spotify.com/v1/artists/0EmeFodog0BfCgMzAIvKQp,https://open.spotify.com/artist/0EmeFodog0BfCgMzAIvKQp
7aBzpmFXB4WWpPl2F7RjBe,Wyclef Jean,spotify:artist:7aBzpmFXB4WWpPl2F7RjBe,https://api.spotify.com/v1/artists/7aBzpmFXB4WWpPl2F7RjBe,https://open.spotify.com/artist/7aBzpmFXB4WWpPl2F7RjBe
6cPVD6kanKOHKGNOBBMZjb,Ali Berke,spotify:artist:6cPVD6kanKOHKGNOBBMZjb,https://api.spotify.com/v1/artists/6cPVD6kanKOHKGNOBBMZjb,https://open.spotify.com/artist/6cPVD6kanKOHKGNOBBMZjb
3TVXtAsR1Inumwj472S9r4,Drake,spotify:artist:3TVXtAsR1Inumwj472S9r4,https://api.spotify.com/v1/artists/3TVXtAsR1Inumwj472S9r4,https://open.spotify.com/artist/3TVXtAsR1Inumwj472S9r4
718COspgdWOnwOFpJHRZHS,Luke Combs,spotify:artist:718COspgdWOnwOFpJHRZHS,https://api.spotify.com/v1/artists/718COspgdWOnwOFpJHRZHS,https://open.spotify.com/artist/718COspgdWOnwOFpJHRZHS
1KCSPY1glIKqW2TotWuXOR,P!nk,spotify:artist:1KCSPY1glIKqW2TotWuXOR,https://api.spotify.com/v1/artists/1KCSPY1glIKqW2TotWuXOR,https://open.spotify.com/artist/1KCSPY1glIKqW2TotWuXOR
13saZpZnCDWOI9D4IJhp1f,Lily Allen,spotify:artist:13saZpZnCDWOI9D4IJhp1f,https://api.spotify.com/v1/artists/13saZpZnCDWOI9D4IJhp1f,https://open.spotify.com/artist/13saZpZnCDWOI9D4IJhp1f
6S0dmVVn4udvppDhZIWxCr,Sean Kingston,spotify:artist:6S0dmVVn4udvppDhZIWxCr,https://api.spotify.com/v1/artists/6S0dmVVn4udvppDhZIWxCr,https://open.spotify.com/artist/6S0dmVVn4udvppDhZIWxCr
1uNFoZAHBGtllmzznpCI3s,Justin Bieber,spotify:artist:1uNFoZAHBGtllmzznpCI3s,https://api.spotify.com/v1/artists/1uNFoZAHBGtllmzznpCI3s,https://open.spotify.com/artist/1uNFoZAHBGtllmzznpCI3s
7GdYY1koOX8nAt1sDFlfzt,El Esca,spotify:artist:7GdYY1koOX8nAt1sDFlfzt,https://api.spotify.com/v1/artists/7GdYY1koOX8nAt1sDFlfzt,https://open.spotify.com/artist/7GdYY1koOX8nAt1sDFlfzt
4LcUpNlXFEleaLlelmkv2R,Kris Kross Amsterdam,spotify:artist:4LcUpNlXFEleaLlelmkv2R,https://api.spotify.com/v1/artists/4LcUpNlXFEleaLlelmkv2R,https://open.spotify.com/artist/4LcUpNlXFEleaLlelmkv2R
3AlRiyjMywTVNzTcHbf9QT,Lil Kleine,spotify:artist:3AlRiyjMywTVNzTcHbf9QT,https://api.spotify.com/v1/artists/3AlRiyjMywTVNzTcHbf9QT,https://open.spotify.com/artist/3AlRiyjMywTVNzTcHbf9QT
2YkP9pfIZ6hJKeuppuz8qT,Yade Lauren,spotify:artist:2YkP9pfIZ6hJKeuppuz8qT,https://api.spotify.com/v1/artists/2YkP9pfIZ6hJKeuppuz8qT,https://open.spotify.com/artist/2YkP9pfIZ6hJKeuppuz8qT
2pElTJJ5D3ziEPyvZsW5eF,Fernando Velázquez,spotify:artist:2pElTJJ5D3ziEPyvZsW5eF,https://api.spotify.com/v1/artists/2pElTJJ5D3ziEPyvZsW5eF,https://open.spotify.com/artist/2pElTJJ5D3ziEPyvZsW5eF
6fXEqmGQEt6ONuqVmwrN46,Bag Raiders,spotify:artist:6fXEqmGQEt6ONuqVmwrN46,https://api.spotify.com/v1/artists/6fXEqmGQEt6ONuqVmwrN46,https://open.spotify.com/artist/6fXEqmGQEt6ONuqVmwrN46
2LIk90788K0zvyj2JJVwkJ,Jack Harlow,spotify:artist:2LIk90788K0zvyj2JJVwkJ,https://api.spotify.com/v1/artists/2LIk90788K0zvyj2JJVwkJ,https://open.spotify.com/artist/2LIk90788K0zvyj2JJVwkJ
5wugb0kaq0J6nyQ5Xgd17i,Aly & AJ,spotify:artist:5wugb0kaq0J6nyQ5Xgd17i,https://api.spotify.com/v1/artists/5wugb0kaq0J6nyQ5Xgd17i,https://open.spotify.com/artist/5wugb0kaq0J6nyQ5Xgd17i
4IKVDbCSBTxBeAsMKjAuTs,Armaan Malik,spotify:artist:4IKVDbCSBTxBeAsMKjAuTs,https://api.spotify.com/v1/artists/4IKVDbCSBTxBeAsMKjAuTs,https://open.spotify.com/artist/4IKVDbCSBTxBeAsMKjAuTs
2FgHPfRprDaylrSRVf1UlN,Thaman S,spotify:artist:2FgHPfRprDaylrSRVf1UlN,https://api.spotify.com/v1/artists/2FgHPfRprDaylrSRVf1UlN,https://open.spotify.com/artist/2FgHPfRprDaylrSRVf1UlN
76PJKS3IQsf4sSayx2taE0,The Hit Crew,spotify:artist:76PJKS3IQsf4sSayx2taE0,https://api.spotify.com/v1/artists/76PJKS3IQsf4sSayx2taE0,https://open.spotify.com/artist/76PJKS3IQsf4sSayx2taE0
4TShXxXZjnjd1nnEw9R5Hs,O Boy da Seresta,spotify:artist:4TShXxXZjnjd1nnEw9R5Hs,https://api.spotify.com/v1/artists/4TShXxXZjnjd1nnEw9R5Hs,https://open.spotify.com/artist/4TShXxXZjnjd1nnEw9R5Hs
0xTWPVQfXgaj6Je1inSRKw,Menor Nico,spotify:artist:0xTWPVQfXgaj6Je1inSRKw,https://api.spotify.com/v1/artists/0xTWPVQfXgaj6Je1inSRKw,https://open.spotify.com/artist/0xTWPVQfXgaj6Je1inSRKw
3KW4FoYGtukfoyZK8ifDex,ALEX&RUS,spotify:artist:3KW4FoYGtukfoyZK8ifDex,https://api.spotify.com/v1/artists/3KW4FoYGtukfoyZK8ifDex,https://open.spotify.com/artist/3KW4FoYGtukfoyZK8ifDex
5cbutZUQE7SUCA6MsEMbBv,Hank Mobley,spotify:artist:5cbutZUQE7SUCA6MsEMbBv,https://api.spotify.com/v1/artists/5cbutZUQE7SUCA6MsEMbBv,https://open.spotify.com/artist/5cbutZUQE7SUCA6MsEMbBv
4Rw9pvzG1NLs1RbB8cxBfW,Stef Bos,spotify:artist:4Rw9pvzG1NLs1RbB8cxBfW,https://api.spotify.com/v1/artists/4Rw9pvzG1NLs1RbB8cxBfW,https://open.spotify.com/artist/4Rw9pvzG1NLs1RbB8cxBfW
5kA0fIY29Fnfu4U2I2xvki,David Penn,spotify:artist:5kA0fIY29Fnfu4U2I2xvki,https://api.spotify.com/v1/artists/5kA0fIY29Fnfu4U2I2xvki,https://open.spotify.com/artist/5kA0fIY29Fnfu4U2I2xvki
7MW9uAUmWgmvSsv41dg7J0,Jjakoveertien,spotify:artist:7MW9uAUmWgmvSsv41dg7J0,https://api.spotify.com/v1/artists/7MW9uAUmWgmvSsv41dg7J0,https://open.spotify.com/artist/7MW9uAUmWgmvSsv41dg7J0
4obzFoKoKRHIphyHzJ35G3,Becky G,spotify:artist:4obzFoKoKRHIphyHzJ35G3,https://api.spotify.com/v1/artists/4obzFoKoKRHIphyHzJ35G3,https://open.spotify.com/artist/4obzFoKoKRHIphyHzJ35G3
7c0XG5cIJTrrAgEC3ULPiq,Ty Dolla $ign,spotify:artist:7c0XG5cIJTrrAgEC3ULPiq,https://api.spotify.com/v1/artists/7c0XG5cIJTrrAgEC3ULPiq,https://open.spotify.com/artist/7c0XG5cIJTrrAgEC3ULPiq
54QA4zjZDOyaLN8bVthBjP,Joe Moses,spotify:artist:54QA4zjZDOyaLN8bVthBjP,https://api.spotify.com/v1/artists/54QA4zjZDOyaLN8bVthBjP,https://open.spotify.com/artist/54QA4zjZDOyaLN8bVthBjP
1c4rxrxy8eDLvMVL1DTiBe,Andra Day,spotify:artist:1c4rxrxy8eDLvMVL1DTiBe,https://api.spotify.com/v1/artists/1c4rxrxy8eDLvMVL1DTiBe,https://open.spotify.com/artist/1c4rxrxy8eDLvMVL1DTiBe
4xXB8O08YhODlRglAjXPPJ,Love Unlimited Orchestra,spotify:artist:4xXB8O08YhODlRglAjXPPJ,https://api.spotify.com/v1/artists/4xXB8O08YhODlRglAjXPPJ,https://open.spotify.com/artist/4xXB8O08YhODlRglAjXPPJ
3N3FuEIOsamtCD1JQm0C8T,Danny Rousseau,spotify:artist:3N3FuEIOsamtCD1JQm0C8T,https://api.spotify.com/v1/artists/3N3FuEIOsamtCD1JQm0C8T,https://open.spotify.com/artist/3N3FuEIOsamtCD1JQm0C8T
0HNLFWeKZoz8bI9ImJUdLX,Iuna Lux,spotify:artist:0HNLFWeKZoz8bI9ImJUdLX,https://api.spotify.com/v1/artists/0HNLFWeKZoz8bI9ImJUdLX,https://open.spotify.com/artist/0HNLFWeKZoz8bI9ImJUdLX
6ujr1NkqbZpYOhquczUUfl,The Strumbellas,spotify:artist:6ujr1NkqbZpYOhquczUUfl,https://api.spotify.com/v1/artists/6ujr1NkqbZpYOhquczUUfl,https://open.spotify.com/artist/6ujr1NkqbZpYOhquczUUfl
0WK3H9OErSn5zKOkOV5egm,DDG,spotify:artist:0WK3H9OErSn5zKOkOV5egm,https://api.spotify.com/v1/artists/0WK3H9OErSn5zKOkOV5egm,https://open.spotify.com/artist/0WK3H9OErSn5zKOkOV5egm
3Fl1V19tmjt57oBdxXKAjJ,Blueface,spotify:artist:3Fl1V19tmjt57oBdxXKAjJ,https://api.spotify.com/v1/artists/3Fl1V19tmjt57oBdxXKAjJ,https://open.spotify.com/artist/3Fl1V19tmjt57oBdxXKAjJ
7Kt4HVxkayONpDiEEWsSAQ,Bcaizm,spotify:artist:7Kt4HVxkayONpDiEEWsSAQ,https://api.spotify.com/v1/artists/7Kt4HVxkayONpDiEEWsSAQ,https://open.spotify.com/artist/7Kt4HVxkayONpDiEEWsSAQ
442IRNWLgO6H9bvlsI3arN,NMR Digital,spotify:artist:442IRNWLgO6H9bvlsI3arN,https://api.spotify.com/v1/artists/442IRNWLgO6H9bvlsI3arN,https://open.spotify.com/artist/442IRNWLgO6H9bvlsI3arN
6AdFGjfHin3ow9yC5qE2TW,Kenyi,spotify:artist:6AdFGjfHin3ow9yC5qE2TW,https://api.spotify.com/v1/artists/6AdFGjfHin3ow9yC5qE2TW,https://open.spotify.com/artist/6AdFGjfHin3ow9yC5qE2TW
6nxWCVXbOlEVRexSbLsTer,Flume,spotify:artist:6nxWCVXbOlEVRexSbLsTer,https://api.spotify.com/v1/artists/6nxWCVXbOlEVRexSbLsTer,https://open.spotify.com/artist/6nxWCVXbOlEVRexSbLsTer
6xHUXzrfhFgnIv86EBR3Ml,kai,spotify:artist:6xHUXzrfhFgnIv86EBR3Ml,https://api.spotify.com/v1/artists/6xHUXzrfhFgnIv86EBR3Ml,https://open.spotify.com/artist/6xHUXzrfhFgnIv86EBR3Ml
31W5EY0aAly4Qieq6OFu6I,A Boogie Wit da Hoodie,spotify:artist:31W5EY0aAly4Qieq6OFu6I,https://api.spotify.com/v1/artists/31W5EY0aAly4Qieq6OFu6I,https://open.spotify.com/artist/31W5EY0aAly4Qieq6OFu6I
7gZfnEnfiaHzxARJ2LeXrf,6ix9ine,spotify:artist:7gZfnEnfiaHzxARJ2LeXrf,https://api.spotify.com/v1/artists/7gZfnEnfiaHzxARJ2LeXrf,https://open.spotify.com/artist/7gZfnEnfiaHzxARJ2LeXrf
2louipoTEuHwO4gXQIHAMP,Suprafive,spotify:artist:2louipoTEuHwO4gXQIHAMP,https://api.spotify.com/v1/artists/2louipoTEuHwO4gXQIHAMP,https://open.spotify.com/artist/2louipoTEuHwO4gXQIHAMP
5uBdPagL8e7AwfIzrM8zuS,Pr. Lucas,spotify:artist:5uBdPagL8e7AwfIzrM8zuS,https://api.spotify.com/v1/artists/5uBdPagL8e7AwfIzrM8zuS,https://open.spotify.com/artist/5uBdPagL8e7AwfIzrM8zuS
6icQOAFXDZKsumw3YXyusw,Lil Yachty,spotify:artist:6icQOAFXDZKsumw3YXyusw,https://api.spotify.com/v1/artists/6icQOAFXDZKsumw3YXyusw,https://open.spotify.com/artist/6icQOAFXDZKsumw3YXyusw
1RyvyyTE3xzB2ZywiAwp0i,Future,spotify:artist:1RyvyyTE3xzB2ZywiAwp0i,https://api.spotify.com/v1/artists/1RyvyyTE3xzB2ZywiAwp0i,https://open.spotify.com/artist/1RyvyyTE3xzB2ZywiAwp0i
0NWbwDZY1VkRqFafuQm6wk,Mike WiLL Made-It,spotify:artist:0NWbwDZY1VkRqFafuQm6wk,https://api.spotify.com/v1/artists/0NWbwDZY1VkRqFafuQm6wk,https://open.spotify.com/artist/0NWbwDZY1VkRqFafuQm6wk
2RdwBSPQiwcmiDo9kixcl8,Pharrell Williams,spotify:artist:2RdwBSPQiwcmiDo9kixcl8,https://api.spotify.com/v1/artists/2RdwBSPQiwcmiDo9kixcl8,https://open.spotify.com/artist/2RdwBSPQiwcmiDo9kixcl8
5Zxrg1q3WGnUUfbdH6aC9y,Stewart Peters,spotify:artist:5Zxrg1q3WGnUUfbdH6aC9y,https://api.spotify.com/v1/artists/5Zxrg1q3WGnUUfbdH6aC9y,https://open.spotify.com/artist/5Zxrg1q3WGnUUfbdH6aC9y
0JFjWic1b9Mvv7WcNYhDvZ,KBFR,spotify:artist:0JFjWic1b9Mvv7WcNYhDvZ,https://api.spotify.com/v1/artists/0JFjWic1b9Mvv7WcNYhDvZ,https://open.spotify.com/artist/0JFjWic1b9Mvv7WcNYhDvZ
0z4gvV4rjIZ9wHck67ucSV,Akon,spotify:artist:0z4gvV4rjIZ9wHck67ucSV,https://api.spotify.com/v1/artists/0z4gvV4rjIZ9wHck67ucSV,https://open.spotify.com/artist/0z4gvV4rjIZ9wHck67ucSV
6lBN3Tzt61u8i9AJoAhKzF,Mykola Dmytrovych Leontovych,spotify:artist:6lBN3Tzt61u8i9AJoAhKzF,https://api.spotify.com/v1/artists/6lBN3Tzt61u8i9AJoAhKzF,https://open.spotify.com/artist/6lBN3Tzt61u8i9AJoAhKzF
3dRfiJ2650SZu6GbydcHNb,John Williams,spotify:artist:3dRfiJ2650SZu6GbydcHNb,https://api.spotify.com/v1/artists/3dRfiJ2650SZu6GbydcHNb,https://open.spotify.com/artist/3dRfiJ2650SZu6GbydcHNb
63yrD80RY3RNEM2YDpUpO8,Melanie Martinez,spotify:artist:63yrD80RY3RNEM2YDpUpO8,https://api.spotify.com/v1/artists/63yrD80RY3RNEM2YDpUpO8,https://open.spotify.com/artist/63yrD80RY3RNEM2YDpUpO8
1eZrOVQ8ady3sDTNdG9E4D,K3,spotify:artist:1eZrOVQ8ady3sDTNdG9E4D,https://api.spotify.com/v1/artists/1eZrOVQ8ady3sDTNdG9E4D,https://open.spotify.com/artist/1eZrOVQ8ady3sDTNdG9E4D
0shZgxgMxIX2SbMCcJhfeI,James Marley,spotify:artist:0shZgxgMxIX2SbMCcJhfeI,https://api.spotify.com/v1/artists/0shZgxgMxIX2SbMCcJhfeI,https://open.spotify.com/artist/0shZgxgMxIX2SbMCcJhfeI
0CEFCo8288kQU7mJi25s6E,Hollywood Undead,spotify:artist:0CEFCo8288kQU7mJi25s6E,https://api.spotify.com/v1/artists/0CEFCo8288kQU7mJi25s6E,https://open.spotify.com/artist/0CEFCo8288kQU7mJi25s6E
4Q5C6bh9DyiQbVZxTt4nx8,Aeileon,spotify:artist:4Q5C6bh9DyiQbVZxTt4nx8,https://api.spotify.com/v1/artists/4Q5C6bh9DyiQbVZxTt4nx8,https://open.spotify.com/artist/4Q5C6bh9DyiQbVZxTt4nx8
2kCO8LXN1usaOPL3iEE28I,Tai Verdes,spotify:artist:2kCO8LXN1usaOPL3iEE28I,https://api.spotify.com/v1/artists/2kCO8LXN1usaOPL3iEE28I,https://open.spotify.com/artist/2kCO8LXN1usaOPL3iEE28I
5YGY8feqx7naU7z4HrwZM6,Miley Cyrus,spotify:artist:5YGY8feqx7naU7z4HrwZM6,https://api.spotify.com/v1/artists/5YGY8feqx7naU7z4HrwZM6,https://open.spotify.com/artist/5YGY8feqx7naU7z4HrwZM6
6fOMl44jA4Sp5b9PpYCkzz,NF,spotify:artist:6fOMl44jA4Sp5b9PpYCkzz,https://api.spotify.com/v1/artists/6fOMl44jA4Sp5b9PpYCkzz,https://open.spotify.com/artist/6fOMl44jA4Sp5b9PpYCkzz
2u01kCKA5wDvvztuH8lyT0,SVDDEN DEATH,spotify:artist:2u01kCKA5wDvvztuH8lyT0,https://api.spotify.com/v1/artists/2u01kCKA5wDvvztuH8lyT0,https://open.spotify.com/artist/2u01kCKA5wDvvztuH8lyT0
0JHx4h8GAtjhmHMQ68iQiU,Konfuz,spotify:artist:0JHx4h8GAtjhmHMQ68iQiU,https://api.spotify.com/v1/artists/0JHx4h8GAtjhmHMQ68iQiU,https://open.spotify.com/artist/0JHx4h8GAtjhmHMQ68iQiU
3ygNXepfdmek6Eo474h0Qm,Alexei Shkurko,spotify:artist:3ygNXepfdmek6Eo474h0Qm,https://api.spotify.com/v1/artists/3ygNXepfdmek6Eo474h0Qm,https://open.spotify.com/artist/3ygNXepfdmek6Eo474h0Qm
5yw4tA8D5uG7tT3NaDvq10,Stellar,spotify:artist:5yw4tA8D5uG7tT3NaDvq10,https://api.spotify.com/v1/artists/5yw4tA8D5uG7tT3NaDvq10,https://open.spotify.com/artist/5yw4tA8D5uG7tT3NaDvq10
3V0ZQW0dNuVaFtbVYgSI24,Claire Rosinkranz,spotify:artist:3V0ZQW0dNuVaFtbVYgSI24,https://api.spotify.com/v1/artists/3V0ZQW0dNuVaFtbVYgSI24,https://open.spotify.com/artist/3V0ZQW0dNuVaFtbVYgSI24
32Wdf3LOdSMeo8ituCMxqY,Zerrin,spotify:artist:32Wdf3LOdSMeo8ituCMxqY,https://api.spotify.com/v1/artists/32Wdf3LOdSMeo8ituCMxqY,https://open.spotify.com/artist/32Wdf3LOdSMeo8ituCMxqY
1HY2Jd0NmPuamShAr6KMms,Lady Gaga,spotify:artist:1HY2Jd0NmPuamShAr6KMms,https://api.spotify.com/v1/artists/1HY2Jd0NmPuamShAr6KMms,https://open.spotify.com/artist/1HY2Jd0NmPuamShAr6KMms
7fObcBw9VM3x7ntWKCYl0z,Colby O'Donis,spotify:artist:7fObcBw9VM3x7ntWKCYl0z,https://api.spotify.com/v1/artists/7fObcBw9VM3x7ntWKCYl0z,https://open.spotify.com/artist/7fObcBw9VM3x7ntWKCYl0z
07YZf4WDAMNwqr4jfgOZ8y,Jason Derulo,spotify:artist:07YZf4WDAMNwqr4jfgOZ8y,https://api.spotify.com/v1/artists/07YZf4WDAMNwqr4jfgOZ8y,https://open.spotify.com/artist/07YZf4WDAMNwqr4jfgOZ8y
4vdt8TD56jjQfmxFCmhubX,OMC,spotify:artist:4vdt8TD56jjQfmxFCmhubX,https://api.spotify.com/v1/artists/4vdt8TD56jjQfmxFCmhubX,https://open.spotify.com/artist/4vdt8TD56jjQfmxFCmhubX
1GbrJTB56Xs4XQGlmVbaCf,Savage,spotify:artist:1GbrJTB56Xs4XQGlmVbaCf,https://api.spotify.com/v1/artists/1GbrJTB56Xs4XQGlmVbaCf,https://open.spotify.com/artist/1GbrJTB56Xs4XQGlmVbaCf
1XrT9uFd3QIcUU3DWEGeTL,Zions View,spotify:artist:1XrT9uFd3QIcUU3DWEGeTL,https://api.spotify.com/v1/artists/1XrT9uFd3QIcUU3DWEGeTL,https://open.spotify.com/artist/1XrT9uFd3QIcUU3DWEGeTL
6MPCFvOQv5cIGfw3jODMF0,Internet Money,spotify:artist:6MPCFvOQv5cIGfw3jODMF0,https://api.spotify.com/v1/artists/6MPCFvOQv5cIGfw3jODMF0,https://open.spotify.com/artist/6MPCFvOQv5cIGfw3jODMF0
2hlmm7s2ICUX0LVIhVFlZQ,Gunna,spotify:artist:2hlmm7s2ICUX0LVIhVFlZQ,https://api.spotify.com/v1/artists/2hlmm7s2ICUX0LVIhVFlZQ,https://open.spotify.com/artist/2hlmm7s2ICUX0LVIhVFlZQ
4Gso3d4CscCijv0lmajZWs,Don Toliver,spotify:artist:4Gso3d4CscCijv0lmajZWs,https://api.spotify.com/v1/artists/4Gso3d4CscCijv0lmajZWs,https://open.spotify.com/artist/4Gso3d4CscCijv0lmajZWs
7rkW85dBwwrJtlHRDkJDAC,NAV,spotify:artist:7rkW85dBwwrJtlHRDkJDAC,https://api.spotify.com/v1/artists/7rkW85dBwwrJtlHRDkJDAC,https://open.spotify.com/artist/7rkW85dBwwrJtlHRDkJDAC
4smZzk0J7uoyVDeaWETHhy,Dbett,spotify:artist:4smZzk0J7uoyVDeaWETHhy,https://api.spotify.com/v1/artists/4smZzk0J7uoyVDeaWETHhy,https://open.spotify.com/artist/4smZzk0J7uoyVDeaWETHhy
57FU7zh1oXdQMT4XhjSsHL,MC Mirella,spotify:artist:57FU7zh1oXdQMT4XhjSsHL,https://api.spotify.com/v1/artists/57FU7zh1oXdQMT4XhjSsHL,https://open.spotify.com/artist/57FU7zh1oXdQMT4XhjSsHL
1MVf6hUocBg6VlICMvJsmV,Mc Bella,spotify:artist:1MVf6hUocBg6VlICMvJsmV,https://api.spotify.com/v1/artists/1MVf6hUocBg6VlICMvJsmV,https://open.spotify.com/artist/1MVf6hUocBg6VlICMvJsmV
4fSMtiyC6lF5BUO1tUMWMs,Kevin MacLeod,spotify:artist:4fSMtiyC6lF5BUO1tUMWMs,https://api.spotify.com/v1/artists/4fSMtiyC6lF5BUO1tUMWMs,https://open.spotify.com/artist/4fSMtiyC6lF5BUO1tUMWMs
7B3hxItP97N9oYzvrTKFb8,Mojisola,spotify:artist:7B3hxItP97N9oYzvrTKFb8,https://api.spotify.com/v1/artists/7B3hxItP97N9oYzvrTKFb8,https://open.spotify.com/artist/7B3hxItP97N9oYzvrTKFb8
6aGuJl5gqLtM9EFeOsg8Ul,Synk,spotify:artist:6aGuJl5gqLtM9EFeOsg8Ul,https://api.spotify.com/v1/artists/6aGuJl5gqLtM9EFeOsg8Ul,https://open.spotify.com/artist/6aGuJl5gqLtM9EFeOsg8Ul
08GQAI4eElDnROBrJRGE0X,Fleetwood Mac,spotify:artist:08GQAI4eElDnROBrJRGE0X,https://api.spotify.com/v1/artists/08GQAI4eElDnROBrJRGE0X,https://open.spotify.com/artist/08GQAI4eElDnROBrJRGE0X
4T47gOchMUCmHFoVBE28NH,Dj Juninho 22,spotify:artist:4T47gOchMUCmHFoVBE28NH,https://api.spotify.com/v1/artists/4T47gOchMUCmHFoVBE28NH,https://open.spotify.com/artist/4T47gOchMUCmHFoVBE28NH
2pGDMwn7Intxxu6tbrOGF8,Nega,spotify:artist:2pGDMwn7Intxxu6tbrOGF8,https://api.spotify.com/v1/artists/2pGDMwn7Intxxu6tbrOGF8,https://open.spotify.com/artist/2pGDMwn7Intxxu6tbrOGF8
4BoRxUdrcgbbq1rxJvvhg9,Olivia Newton-John,spotify:artist:4BoRxUdrcgbbq1rxJvvhg9,https://api.spotify.com/v1/artists/4BoRxUdrcgbbq1rxJvvhg9,https://open.spotify.com/artist/4BoRxUdrcgbbq1rxJvvhg9
43DRDu6nLSeIedZ7T1A616,Xand Avião,spotify:artist:43DRDu6nLSeIedZ7T1A616,https://api.spotify.com/v1/artists/43DRDu6nLSeIedZ7T1A616,https://open.spotify.com/artist/43DRDu6nLSeIedZ7T1A616
6aUgzC0cMh0StjV7LyFEDr,Grits,spotify:artist:6aUgzC0cMh0StjV7LyFEDr,https://api.spotify.com/v1/artists/6aUgzC0cMh0StjV7LyFEDr,https://open.spotify.com/artist/6aUgzC0cMh0StjV7LyFEDr
5VX8hxrcfJWwaTLiqGUHG3,TobyMac,spotify:artist:5VX8hxrcfJWwaTLiqGUHG3,https://api.spotify.com/v1/artists/5VX8hxrcfJWwaTLiqGUHG3,https://open.spotify.com/artist/5VX8hxrcfJWwaTLiqGUHG3
6fWVd57NKTalqvmjRd2t8Z,24kGoldn,spotify:artist:6fWVd57NKTalqvmjRd2t8Z,https://api.spotify.com/v1/artists/6fWVd57NKTalqvmjRd2t8Z,https://open.spotify.com/artist/6fWVd57NKTalqvmjRd2t8Z
6ASri4ePR7RlsvIQgWPJpS,iann dior,spotify:artist:6ASri4ePR7RlsvIQgWPJpS,https://api.spotify.com/v1/artists/6ASri4ePR7RlsvIQgWPJpS,https://open.spotify.com/artist/6ASri4ePR7RlsvIQgWPJpS
5lpH0xAS4fVfLkACg9DAuM,Wham!,spotify:artist:5lpH0xAS4fVfLkACg9DAuM,https://api.spotify.com/v1/artists/5lpH0xAS4fVfLkACg9DAuM,https://open.spotify.com/artist/5lpH0xAS4fVfLkACg9DAuM
5fMUXHkw8R8eOP2RNVYEZX,Diplo,spotify:artist:5fMUXHkw8R8eOP2RNVYEZX,https://api.spotify.com/v1/artists/5fMUXHkw8R8eOP2RNVYEZX,https://open.spotify.com/artist/5fMUXHkw8R8eOP2RNVYEZX
5czbzNZZfWpyFgZyfT3Mkk,SIDEPIECE,spotify:artist:5czbzNZZfWpyFgZyfT3Mkk,https://api.spotify.com/v1/artists/5czbzNZZfWpyFgZyfT3Mkk,https://open.spotify.com/artist/5czbzNZZfWpyFgZyfT3Mkk
2blGBdhZMmqaoFvemTz4Vb,Nero,spotify:artist:2blGBdhZMmqaoFvemTz4Vb,https://api.spotify.com/v1/artists/2blGBdhZMmqaoFvemTz4Vb,https://open.spotify.com/artist/2blGBdhZMmqaoFvemTz4Vb
5he5w2lnU9x7JFhnwcekXX,Skrillex,spotify:artist:5he5w2lnU9x7JFhnwcekXX,https://api.spotify.com/v1/artists/5he5w2lnU9x7JFhnwcekXX,https://open.spotify.com/artist/5he5w2lnU9x7JFhnwcekXX
4dpARuHxo51G3z768sgnrY,Adele,spotify:artist:4dpARuHxo51G3z768sgnrY,https://api.spotify.com/v1/artists/4dpARuHxo51G3z768sgnrY,https://open.spotify.com/artist/4dpARuHxo51G3z768sgnrY
3R6VoMjUANEP9wb7fRNXws,Rolf Sanchez,spotify:artist:3R6VoMjUANEP9wb7fRNXws,https://api.spotify.com/v1/artists/3R6VoMjUANEP9wb7fRNXws,https://open.spotify.com/artist/3R6VoMjUANEP9wb7fRNXws
6iXJKEbiUbQUaUmBTJudgE,Adrian Jonathan,spotify:artist:6iXJKEbiUbQUaUmBTJudgE,https://api.spotify.com/v1/artists/6iXJKEbiUbQUaUmBTJudgE,https://open.spotify.com/artist/6iXJKEbiUbQUaUmBTJudgE
18RH7vvOAok2AOP2MUlIvG,Cody Martinez,spotify:artist:18RH7vvOAok2AOP2MUlIvG,https://api.spotify.com/v1/artists/18RH7vvOAok2AOP2MUlIvG,https://open.spotify.com/artist/18RH7vvOAok2AOP2MUlIvG
4rBAiM4X8nQq5r8XkW4CM1,Jeckyll & Hyde,spotify:artist:4rBAiM4X8nQq5r8XkW4CM1,https://api.spotify.com/v1/artists/4rBAiM4X8nQq5r8XkW4CM1,https://open.spotify.com/artist/4rBAiM4X8nQq5r8XkW4CM1
147dKKwnUn9qesNx8uAs3Z,Ilan Eshkeri,spotify:artist:147dKKwnUn9qesNx8uAs3Z,https://api.spotify.com/v1/artists/147dKKwnUn9qesNx8uAs3Z,https://open.spotify.com/artist/147dKKwnUn9qesNx8uAs3Z
27foDL8SBDLivhZNlDsAza,Billy Marchiafava,spotify:artist:27foDL8SBDLivhZNlDsAza,https://api.spotify.com/v1/artists/27foDL8SBDLivhZNlDsAza,https://open.spotify.com/artist/27foDL8SBDLivhZNlDsAza
2YZyLoL8N0Wb9xBt1NhZWg,Kendrick Lamar,spotify:artist:2YZyLoL8N0Wb9xBt1NhZWg,https://api.spotify.com/v1/artists/2YZyLoL8N0Wb9xBt1NhZWg,https://open.spotify.com/artist/2YZyLoL8N0Wb9xBt1NhZWg
6l3HvQ5sa6mXTsMTB19rO5,J. Cole,spotify:artist:6l3HvQ5sa6mXTsMTB19rO5,https://api.spotify.com/v1/artists/6l3HvQ5sa6mXTsMTB19rO5,https://open.spotify.com/artist/6l3HvQ5sa6mXTsMTB19rO5
7jVv8c5Fj3E9VhNjxT4snq,Lil Nas X,spotify:artist:7jVv8c5Fj3E9VhNjxT4snq,https://api.spotify.com/v1/artists/7jVv8c5Fj3E9VhNjxT4snq,https://open.spotify.com/artist/7jVv8c5Fj3E9VhNjxT4snq
3CDoRporvSjdzTrm99a3gi,Ludmilla,spotify:artist:3CDoRporvSjdzTrm99a3gi,https://api.spotify.com/v1/artists/3CDoRporvSjdzTrm99a3gi,https://open.spotify.com/artist/3CDoRporvSjdzTrm99a3gi
4WrL8YBVkibeodZIhBLjsn,DJ Will22,spotify:artist:4WrL8YBVkibeodZIhBLjsn,https://api.spotify.com/v1/artists/4WrL8YBVkibeodZIhBLjsn,https://open.spotify.com/artist/4WrL8YBVkibeodZIhBLjsn
2o5jDhtHVPhrJdv3cEQ99Z,Tiësto,spotify:artist:2o5jDhtHVPhrJdv3cEQ99Z,https://api.spotify.com/v1/artists/2o5jDhtHVPhrJdv3cEQ99Z,https://open.spotify.com/artist/2o5jDhtHVPhrJdv3cEQ99Z
79D5r28sETmzhkC9DeIqDK,Abdul D One,spotify:artist:79D5r28sETmzhkC9DeIqDK,https://api.spotify.com/v1/artists/79D5r28sETmzhkC9DeIqDK,https://open.spotify.com/artist/79D5r28sETmzhkC9DeIqDK
3fMbdgg4jU18AjLCKBhRSm,Michael Jackson,spotify:artist:3fMbdgg4jU18AjLCKBhRSm,https://api.spotify.com/v1/artists/3fMbdgg4jU18AjLCKBhRSm,https://open.spotify.com/artist/3fMbdgg4jU18AjLCKBhRSm
2JSwnwAT1BupAQkhqcRCUw,Sada Baby,spotify:artist:2JSwnwAT1BupAQkhqcRCUw,https://api.spotify.com/v1/artists/2JSwnwAT1BupAQkhqcRCUw,https://open.spotify.com/artist/2JSwnwAT1BupAQkhqcRCUw
6GMYJwaziB4ekv1Y6wCDWS,Soulja Boy,spotify:artist:6GMYJwaziB4ekv1Y6wCDWS,https://api.spotify.com/v1/artists/6GMYJwaziB4ekv1Y6wCDWS,https://open.spotify.com/artist/6GMYJwaziB4ekv1Y6wCDWS
0I6yADrmeyvw66g7yjkqIF,The Living Tombstone,spotify:artist:0I6yADrmeyvw66g7yjkqIF,https://api.spotify.com/v1/artists/0I6yADrmeyvw66g7yjkqIF,https://open.spotify.com/artist/0I6yADrmeyvw66g7yjkqIF
4ET82ZtSfAK4utfjDauImD,Black Gryph0n,spotify:artist:4ET82ZtSfAK4utfjDauImD,https://api.spotify.com/v1/artists/4ET82ZtSfAK4utfjDauImD,https://open.spotify.com/artist/4ET82ZtSfAK4utfjDauImD
4SpkrvhJHDGwR6XL3vT0dA,LittleJayneyCakes,spotify:artist:4SpkrvhJHDGwR6XL3vT0dA,https://api.spotify.com/v1/artists/4SpkrvhJHDGwR6XL3vT0dA,https://open.spotify.com/artist/4SpkrvhJHDGwR6XL3vT0dA
5xqnnSOvEpLedl6sNCw254,Lhurgoyf,spotify:artist:5xqnnSOvEpLedl6sNCw254,https://api.spotify.com/v1/artists/5xqnnSOvEpLedl6sNCw254,https://open.spotify.com/artist/5xqnnSOvEpLedl6sNCw254
246dkjvS1zLTtiykXe5h60,Post Malone,spotify:artist:246dkjvS1zLTtiykXe5h60,https://api.spotify.com/v1/artists/246dkjvS1zLTtiykXe5h60,https://open.spotify.com/artist/246dkjvS1zLTtiykXe5h60
46rKYbcXIUVnfh0Y6phTit,DeKobe,spotify:artist:46rKYbcXIUVnfh0Y6phTit,https://api.spotify.com/v1/artists/46rKYbcXIUVnfh0Y6phTit,https://open.spotify.com/artist/46rKYbcXIUVnfh0Y6phTit
0ZED1XzwlLHW4ZaG4lOT6m,Julia Michaels,spotify:artist:0ZED1XzwlLHW4ZaG4lOT6m,https://api.spotify.com/v1/artists/0ZED1XzwlLHW4ZaG4lOT6m,https://open.spotify.com/artist/0ZED1XzwlLHW4ZaG4lOT6m
1XNVFs9EIrPqDsmARzDKR7,Wintertime,spotify:artist:1XNVFs9EIrPqDsmARzDKR7,https://api.spotify.com/v1/artists/1XNVFs9EIrPqDsmARzDKR7,https://open.spotify.com/artist/1XNVFs9EIrPqDsmARzDKR7
4D8x1OO5HeS7yQaSoSbAc6,"Sarah, the Illstrumentalist",spotify:artist:4D8x1OO5HeS7yQaSoSbAc6,https://api.spotify.com/v1/artists/4D8x1OO5HeS7yQaSoSbAc6,https://open.spotify.com/artist/4D8x1OO5HeS7yQaSoSbAc6
3D9xlymkbZDrMXvWWn7AQI,Aslı Demirer,spotify:artist:3D9xlymkbZDrMXvWWn7AQI,https://api.spotify.com/v1/artists/3D9xlymkbZDrMXvWWn7AQI,https://open.spotify.com/artist/3D9xlymkbZDrMXvWWn7AQI
4uGB0nZ5d1iCXS3sHR3pzm,Gökhan Türkmen,spotify:artist:4uGB0nZ5d1iCXS3sHR3pzm,https://api.spotify.com/v1/artists/4uGB0nZ5d1iCXS3sHR3pzm,https://open.spotify.com/artist/4uGB0nZ5d1iCXS3sHR3pzm
5I2d294l90n7EMWVNUZczE,Lange Frans,spotify:artist:5I2d294l90n7EMWVNUZczE,https://api.spotify.com/v1/artists/5I2d294l90n7EMWVNUZczE,https://open.spotify.com/artist/5I2d294l90n7EMWVNUZczE
123hDJRbi4KtCdBaaKNHW6,Paul Elstak,spotify:artist:123hDJRbi4KtCdBaaKNHW6,https://api.spotify.com/v1/artists/123hDJRbi4KtCdBaaKNHW6,https://open.spotify.com/artist/123hDJRbi4KtCdBaaKNHW6
00FQb4jTyendYWaN8pK0wa,Lana Del Rey,spotify:artist:00FQb4jTyendYWaN8pK0wa,https://api.spotify.com/v1/artists/00FQb4jTyendYWaN8pK0wa,https://open.spotify.com/artist/00FQb4jTyendYWaN8pK0wa
6GnCucI2uDaYj1j39GFxkn,F.R. David,spotify:artist:6GnCucI2uDaYj1j39GFxkn,https://api.spotify.com/v1/artists/6GnCucI2uDaYj1j39GFxkn,https://open.spotify.com/artist/6GnCucI2uDaYj1j39GFxkn
0XNKQFs2Ewb3y0VsFUFc5l,MORGENSHTERN,spotify:artist:0XNKQFs2Ewb3y0VsFUFc5l,https://api.spotify.com/v1/artists/0XNKQFs2Ewb3y0VsFUFc5l,https://open.spotify.com/artist/0XNKQFs2Ewb3y0VsFUFc5l
6MDME20pz9RveH9rEXvrOM,Clean Bandit,spotify:artist:6MDME20pz9RveH9rEXvrOM,https://api.spotify.com/v1/artists/6MDME20pz9RveH9rEXvrOM,https://open.spotify.com/artist/6MDME20pz9RveH9rEXvrOM
6S2OmqARrzebs0tKUEyXyp,Demi Lovato,spotify:artist:6S2OmqARrzebs0tKUEyXyp,https://api.spotify.com/v1/artists/6S2OmqARrzebs0tKUEyXyp,https://open.spotify.com/artist/6S2OmqARrzebs0tKUEyXyp
5ZxeZlL6xuAsUQkxDQMfku,BigDoggy,spotify:artist:5ZxeZlL6xuAsUQkxDQMfku,https://api.spotify.com/v1/artists/5ZxeZlL6xuAsUQkxDQMfku,https://open.spotify.com/artist/5ZxeZlL6xuAsUQkxDQMfku
5KQST9ferqWtr02OpnrrsA,Master D,spotify:artist:5KQST9ferqWtr02OpnrrsA,https://api.spotify.com/v1/artists/5KQST9ferqWtr02OpnrrsA,https://open.spotify.com/artist/5KQST9ferqWtr02OpnrrsA
6CDGm9cf1yeCLD147Zs125,DJ Flex,spotify:artist:6CDGm9cf1yeCLD147Zs125,https://api.spotify.com/v1/artists/6CDGm9cf1yeCLD147Zs125,https://open.spotify.com/artist/6CDGm9cf1yeCLD147Zs125
5zvOGQ4uW2viBHMmkyl3C2,Kyle Edwards,spotify:artist:5zvOGQ4uW2viBHMmkyl3C2,https://api.spotify.com/v1/artists/5zvOGQ4uW2viBHMmkyl3C2,https://open.spotify.com/artist/5zvOGQ4uW2viBHMmkyl3C2
7wbCwmaAe2U6NoBrWBfeTz,Sickddellz,spotify:artist:7wbCwmaAe2U6NoBrWBfeTz,https://api.spotify.com/v1/artists/7wbCwmaAe2U6NoBrWBfeTz,https://open.spotify.com/artist/7wbCwmaAe2U6NoBrWBfeTz
4Mwwbp7oYcrHssRQp0qS1d,Exilium,spotify:artist:4Mwwbp7oYcrHssRQp0qS1d,https://api.spotify.com/v1/artists/4Mwwbp7oYcrHssRQp0qS1d,https://open.spotify.com/artist/4Mwwbp7oYcrHssRQp0qS1d
54UEo4InT0mMpgLJj18mG7,Sebastian Hansson,spotify:artist:54UEo4InT0mMpgLJj18mG7,https://api.spotify.com/v1/artists/54UEo4InT0mMpgLJj18mG7,https://open.spotify.com/artist/54UEo4InT0mMpgLJj18mG7
1EQd7p9to87OuDAJlrdJYZ,Вероника Савельева,spotify:artist:1EQd7p9to87OuDAJlrdJYZ,https://api.spotify.com/v1/artists/1EQd7p9to87OuDAJlrdJYZ,https://open.spotify.com/artist/1EQd7p9to87OuDAJlrdJYZ
3OqTvcWgb0xaainosGVvuZ,Gala,spotify:artist:3OqTvcWgb0xaainosGVvuZ,https://api.spotify.com/v1/artists/3OqTvcWgb0xaainosGVvuZ,https://open.spotify.com/artist/3OqTvcWgb0xaainosGVvuZ
3crnzLy8R4lVwaigKEOz7V,E-40,spotify:artist:3crnzLy8R4lVwaigKEOz7V,https://api.spotify.com/v1/artists/3crnzLy8R4lVwaigKEOz7V,https://open.spotify.com/artist/3crnzLy8R4lVwaigKEOz7V
7qSwd39bVt9EyCv4dvCITY,Josef Lupo,spotify:artist:7qSwd39bVt9EyCv4dvCITY,https://api.spotify.com/v1/artists/7qSwd39bVt9EyCv4dvCITY,https://open.spotify.com/artist/7qSwd39bVt9EyCv4dvCITY
2o08sCWF5yyo2G4DCiT7T9,HVME,spotify:artist:2o08sCWF5yyo2G4DCiT7T9,https://api.spotify.com/v1/artists/2o08sCWF5yyo2G4DCiT7T9,https://open.spotify.com/artist/2o08sCWF5yyo2G4DCiT7T9
0oeLTriLBq9avDlMepaN3i,Mark Dohner,spotify:artist:0oeLTriLBq9avDlMepaN3i,https://api.spotify.com/v1/artists/0oeLTriLBq9avDlMepaN3i,https://open.spotify.com/artist/0oeLTriLBq9avDlMepaN3i
650IUEjxY9r48kv92WWGSO,Vikings Main Title,spotify:artist:650IUEjxY9r48kv92WWGSO,https://api.spotify.com/v1/artists/650IUEjxY9r48kv92WWGSO,https://open.spotify.com/artist/650IUEjxY9r48kv92WWGSO
54vE4E9T10DBFuCpnHVEvJ,TV Series Unlimited,spotify:artist:54vE4E9T10DBFuCpnHVEvJ,https://api.spotify.com/v1/artists/54vE4E9T10DBFuCpnHVEvJ,https://open.spotify.com/artist/54vE4E9T10DBFuCpnHVEvJ
1DX1cbeKQkRJClf4TMmXIn,Groove Delight,spotify:artist:1DX1cbeKQkRJClf4TMmXIn,https://api.spotify.com/v1/artists/1DX1cbeKQkRJClf4TMmXIn,https://open.spotify.com/artist/1DX1cbeKQkRJClf4TMmXIn
6VD4UEUPvtsemqD3mmTqCR,Deorro,spotify:artist:6VD4UEUPvtsemqD3mmTqCR,https://api.spotify.com/v1/artists/6VD4UEUPvtsemqD3mmTqCR,https://open.spotify.com/artist/6VD4UEUPvtsemqD3mmTqCR
7bXgB6jMjp9ATFy66eO08Z,Chris Brown,spotify:artist:7bXgB6jMjp9ATFy66eO08Z,https://api.spotify.com/v1/artists/7bXgB6jMjp9ATFy66eO08Z,https://open.spotify.com/artist/7bXgB6jMjp9ATFy66eO08Z
2cMVIRpseAO7fJAxNfg6rD,CHASE B,spotify:artist:2cMVIRpseAO7fJAxNfg6rD,https://api.spotify.com/v1/artists/2cMVIRpseAO7fJAxNfg6rD,https://open.spotify.com/artist/2cMVIRpseAO7fJAxNfg6rD
791JV2CttYVOeGa9F6Kdu3,OMB Bloodbath,spotify:artist:791JV2CttYVOeGa9F6Kdu3,https://api.spotify.com/v1/artists/791JV2CttYVOeGa9F6Kdu3,https://open.spotify.com/artist/791JV2CttYVOeGa9F6Kdu3
6o4O5GX5kOWAGXtZUedxo3,KenTheMan,spotify:artist:6o4O5GX5kOWAGXtZUedxo3,https://api.spotify.com/v1/artists/6o4O5GX5kOWAGXtZUedxo3,https://open.spotify.com/artist/6o4O5GX5kOWAGXtZUedxo3
1XynjLPAyPi8SZAx8LHN0Z,Nuka,spotify:artist:1XynjLPAyPi8SZAx8LHN0Z,https://api.spotify.com/v1/artists/1XynjLPAyPi8SZAx8LHN0Z,https://open.spotify.com/artist/1XynjLPAyPi8SZAx8LHN0Z
4Czby9oFhaOpE9F5FKJv2f,Razvan Mitroi,spotify:artist:4Czby9oFhaOpE9F5FKJv2f,https://api.spotify.com/v1/artists/4Czby9oFhaOpE9F5FKJv2f,https://open.spotify.com/artist/4Czby9oFhaOpE9F5FKJv2f
6VlPp1wb53ANKMIwZPJfM0,Pharmacist,spotify:artist:6VlPp1wb53ANKMIwZPJfM0,https://api.spotify.com/v1/artists/6VlPp1wb53ANKMIwZPJfM0,https://open.spotify.com/artist/6VlPp1wb53ANKMIwZPJfM0
4Nl6PVYLwbCFfr3UqQlFtE,Volac,spotify:artist:4Nl6PVYLwbCFfr3UqQlFtE,https://api.spotify.com/v1/artists/4Nl6PVYLwbCFfr3UqQlFtE,https://open.spotify.com/artist/4Nl6PVYLwbCFfr3UqQlFtE
3RloA7E4XMItSP4FjMBv3L,illusionize,spotify:artist:3RloA7E4XMItSP4FjMBv3L,https://api.spotify.com/v1/artists/3RloA7E4XMItSP4FjMBv3L,https://open.spotify.com/artist/3RloA7E4XMItSP4FjMBv3L
4lyER8wnQt2Im68h4PEVK3,Andre Longo,spotify:artist:4lyER8wnQt2Im68h4PEVK3,https://api.spotify.com/v1/artists/4lyER8wnQt2Im68h4PEVK3,https://open.spotify.com/artist/4lyER8wnQt2Im68h4PEVK3
5QySqc6yAFDx9m7fedFZmC,Brennan Heart,spotify:artist:5QySqc6yAFDx9m7fedFZmC,https://api.spotify.com/v1/artists/5QySqc6yAFDx9m7fedFZmC,https://open.spotify.com/artist/5QySqc6yAFDx9m7fedFZmC
0wr85NuJuAYZsRzP1lJgiV,Wildstylez,spotify:artist:0wr85NuJuAYZsRzP1lJgiV,https://api.spotify.com/v1/artists/0wr85NuJuAYZsRzP1lJgiV,https://open.spotify.com/artist/0wr85NuJuAYZsRzP1lJgiV
5i78PwLkcdXKuSr0050plu,Shammi Fernando,spotify:artist:5i78PwLkcdXKuSr0050plu,https://api.spotify.com/v1/artists/5i78PwLkcdXKuSr0050plu,https://open.spotify.com/artist/5i78PwLkcdXKuSr0050plu
5f7VJjfbwm532GiveGC0ZK,Lil Baby,spotify:artist:5f7VJjfbwm532GiveGC0ZK,https://api.spotify.com/v1/artists/5f7VJjfbwm532GiveGC0ZK,https://open.spotify.com/artist/5f7VJjfbwm532GiveGC0ZK
4r63FhuTkUYltbVAg5TQnk,DaBaby,spotify:artist:4r63FhuTkUYltbVAg5TQnk,https://api.spotify.com/v1/artists/4r63FhuTkUYltbVAg5TQnk,https://open.spotify.com/artist/4r63FhuTkUYltbVAg5TQnk
0blbVefuxOGltDBa00dspv,LiSA,spotify:artist:0blbVefuxOGltDBa00dspv,https://api.spotify.com/v1/artists/0blbVefuxOGltDBa00dspv,https://open.spotify.com/artist/0blbVefuxOGltDBa00dspv
1dXyyDButMVteLKOOVqz6Z,Eduardo Luzqui単os,spotify:artist:1dXyyDButMVteLKOOVqz6Z,https://api.spotify.com/v1/artists/1dXyyDButMVteLKOOVqz6Z,https://open.spotify.com/artist/1dXyyDButMVteLKOOVqz6Z
44PA0rCQXikgOWbfY7Fq7m,Ying Yang Twins,spotify:artist:44PA0rCQXikgOWbfY7Fq7m,https://api.spotify.com/v1/artists/44PA0rCQXikgOWbfY7Fq7m,https://open.spotify.com/artist/44PA0rCQXikgOWbfY7Fq7m
5r8DLAztWsHfCGG7sbb6vs,Ashmit,spotify:artist:5r8DLAztWsHfCGG7sbb6vs,https://api.spotify.com/v1/artists/5r8DLAztWsHfCGG7sbb6vs,https://open.spotify.com/artist/5r8DLAztWsHfCGG7sbb6vs
7q4zdlLNopJbFXMJ6jjm85,MG Dhanushka,spotify:artist:7q4zdlLNopJbFXMJ6jjm85,https://api.spotify.com/v1/artists/7q4zdlLNopJbFXMJ6jjm85,https://open.spotify.com/artist/7q4zdlLNopJbFXMJ6jjm85
6DtpcJP3QBgHfte3eKzUCI,Loubet,spotify:artist:6DtpcJP3QBgHfte3eKzUCI,https://api.spotify.com/v1/artists/6DtpcJP3QBgHfte3eKzUCI,https://open.spotify.com/artist/6DtpcJP3QBgHfte3eKzUCI
4FUMTycjZlEY6ZxMgqNjC8,Tierry,spotify:artist:4FUMTycjZlEY6ZxMgqNjC8,https://api.spotify.com/v1/artists/4FUMTycjZlEY6ZxMgqNjC8,https://open.spotify.com/artist/4FUMTycjZlEY6ZxMgqNjC8
1yR65psqiazQpeM79CcGh8,Marília Mendonça,spotify:artist:1yR65psqiazQpeM79CcGh8,https://api.spotify.com/v1/artists/1yR65psqiazQpeM79CcGh8,https://open.spotify.com/artist/1yR65psqiazQpeM79CcGh8
702gYHXfHAwvjvHLYXnUSS,Soufian,spotify:artist:702gYHXfHAwvjvHLYXnUSS,https://api.spotify.com/v1/artists/702gYHXfHAwvjvHLYXnUSS,https://open.spotify.com/artist/702gYHXfHAwvjvHLYXnUSS
6WfAG4uimeAH8qCM2dfKpk,Johnnie Bailey,spotify:artist:6WfAG4uimeAH8qCM2dfKpk,https://api.spotify.com/v1/artists/6WfAG4uimeAH8qCM2dfKpk,https://open.spotify.com/artist/6WfAG4uimeAH8qCM2dfKpk
2AQjGvtT0pFYfxR3neFcvz,Jordin Sparks,spotify:artist:2AQjGvtT0pFYfxR3neFcvz,https://api.spotify.com/v1/artists/2AQjGvtT0pFYfxR3neFcvz,https://open.spotify.com/artist/2AQjGvtT0pFYfxR3neFcvz
6eShH0FGR85cv86KHHp5GQ,Charlie Grönvall,spotify:artist:6eShH0FGR85cv86KHHp5GQ,https://api.spotify.com/v1/artists/6eShH0FGR85cv86KHHp5GQ,https://open.spotify.com/artist/6eShH0FGR85cv86KHHp5GQ
4z5uBsnmFPLFsGa5hQvLGO,Chiky Dee Jay,spotify:artist:4z5uBsnmFPLFsGa5hQvLGO,https://api.spotify.com/v1/artists/4z5uBsnmFPLFsGa5hQvLGO,https://open.spotify.com/artist/4z5uBsnmFPLFsGa5hQvLGO
6V4915jZpQV7R99zTlT1Ac,DJ Maze,spotify:artist:6V4915jZpQV7R99zTlT1Ac,https://api.spotify.com/v1/artists/6V4915jZpQV7R99zTlT1Ac,https://open.spotify.com/artist/6V4915jZpQV7R99zTlT1Ac
1CmcOZEKMP1RtuHATPhc9o,Julian Sotelo,spotify:artist:1CmcOZEKMP1RtuHATPhc9o,https://api.spotify.com/v1/artists/1CmcOZEKMP1RtuHATPhc9o,https://open.spotify.com/artist/1CmcOZEKMP1RtuHATPhc9o
7xTcuBOIAAIGDOSvwYFPzk,Daniel Powter,spotify:artist:7xTcuBOIAAIGDOSvwYFPzk,https://api.spotify.com/v1/artists/7xTcuBOIAAIGDOSvwYFPzk,https://open.spotify.com/artist/7xTcuBOIAAIGDOSvwYFPzk
3v0fho5jtgxZFmcbJFNiK4,Moca,spotify:artist:3v0fho5jtgxZFmcbJFNiK4,https://api.spotify.com/v1/artists/3v0fho5jtgxZFmcbJFNiK4,https://open.spotify.com/artist/3v0fho5jtgxZFmcbJFNiK4
4wRODa7Cp85je93tWIRETY,MC-Seven-E,spotify:artist:4wRODa7Cp85je93tWIRETY,https://api.spotify.com/v1/artists/4wRODa7Cp85je93tWIRETY,https://open.spotify.com/artist/4wRODa7Cp85je93tWIRETY
0TnOYISbd1XYRBk9myaseg,Pitbull,spotify:artist:0TnOYISbd1XYRBk9myaseg,https://api.spotify.com/v1/artists/0TnOYISbd1XYRBk9myaseg,https://open.spotify.com/artist/0TnOYISbd1XYRBk9myaseg
1UTPBmNbXNTittyMJrNkvw,Blake Shelton,spotify:artist:1UTPBmNbXNTittyMJrNkvw,https://api.spotify.com/v1/artists/1UTPBmNbXNTittyMJrNkvw,https://open.spotify.com/artist/1UTPBmNbXNTittyMJrNkvw
5YX4lYClSgt1HfrCyXFGHz,Speernorman,spotify:artist:5YX4lYClSgt1HfrCyXFGHz,https://api.spotify.com/v1/artists/5YX4lYClSgt1HfrCyXFGHz,https://open.spotify.com/artist/5YX4lYClSgt1HfrCyXFGHz
6ulkDr2Bnu7Qlbrs5iDOF1,MC Teteu,spotify:artist:6ulkDr2Bnu7Qlbrs5iDOF1,https://api.spotify.com/v1/artists/6ulkDr2Bnu7Qlbrs5iDOF1,https://open.spotify.com/artist/6ulkDr2Bnu7Qlbrs5iDOF1
4yiQZ8tQPux8cPriYMWUFP,Gwen Stefani,spotify:artist:4yiQZ8tQPux8cPriYMWUFP,https://api.spotify.com/v1/artists/4yiQZ8tQPux8cPriYMWUFP,https://open.spotify.com/artist/4yiQZ8tQPux8cPriYMWUFP
4d3yvTptO48nOYTPBcPFZC,Eve,spotify:artist:4d3yvTptO48nOYTPBcPFZC,https://api.spotify.com/v1/artists/4d3yvTptO48nOYTPBcPFZC,https://open.spotify.com/artist/4d3yvTptO48nOYTPBcPFZC
1KSMV1IMWBOMX5miuvygfv,Viva Lion,spotify:artist:1KSMV1IMWBOMX5miuvygfv,https://api.spotify.com/v1/artists/1KSMV1IMWBOMX5miuvygfv,https://open.spotify.com/artist/1KSMV1IMWBOMX5miuvygfv
75x1kOqIGaBds7sx0ySz2y,Barrymoore Chamber Orchestra,spotify:artist:75x1kOqIGaBds7sx0ySz2y,https://api.spotify.com/v1/artists/75x1kOqIGaBds7sx0ySz2y,https://open.spotify.com/artist/75x1kOqIGaBds7sx0ySz2y
0jnsk9HBra6NMjO2oANoPY,Flo Rida,spotify:artist:0jnsk9HBra6NMjO2oANoPY,https://api.spotify.com/v1/artists/0jnsk9HBra6NMjO2oANoPY,https://open.spotify.com/artist/0jnsk9HBra6NMjO2oANoPY
0ZrpamOxcZybMHGg1AYtHP,Robin Thicke,spotify:artist:0ZrpamOxcZybMHGg1AYtHP,https://api.spotify.com/v1/artists/0ZrpamOxcZybMHGg1AYtHP,https://open.spotify.com/artist/0ZrpamOxcZybMHGg1AYtHP
4tMJliVd96wXoMVNdcOBHp,Verdine White,spotify:artist:4tMJliVd96wXoMVNdcOBHp,https://api.spotify.com/v1/artists/4tMJliVd96wXoMVNdcOBHp,https://open.spotify.com/artist/4tMJliVd96wXoMVNdcOBHp
7uu4MSU5WRf0xetHagpKGu,Krish,spotify:artist:7uu4MSU5WRf0xetHagpKGu,https://api.spotify.com/v1/artists/7uu4MSU5WRf0xetHagpKGu,https://open.spotify.com/artist/7uu4MSU5WRf0xetHagpKGu
0uY6b81fdPk2B6McYiscSV,Suchith Suresan,spotify:artist:0uY6b81fdPk2B6McYiscSV,https://api.spotify.com/v1/artists/0uY6b81fdPk2B6McYiscSV,https://open.spotify.com/artist/0uY6b81fdPk2B6McYiscSV
3rOpr2q5pTfpnhmM6SkfIC,Domknowz,spotify:artist:3rOpr2q5pTfpnhmM6SkfIC,https://api.spotify.com/v1/artists/3rOpr2q5pTfpnhmM6SkfIC,https://open.spotify.com/artist/3rOpr2q5pTfpnhmM6SkfIC
0WwZd3kODX3gq6hfuOsTCl,Djsuraj,spotify:artist:0WwZd3kODX3gq6hfuOsTCl,https://api.spotify.com/v1/artists/0WwZd3kODX3gq6hfuOsTCl,https://open.spotify.com/artist/0WwZd3kODX3gq6hfuOsTCl
1xBARhKI09ZTmeePVDWMCf,Rotimi,spotify:artist:1xBARhKI09ZTmeePVDWMCf,https://api.spotify.com/v1/artists/1xBARhKI09ZTmeePVDWMCf,https://open.spotify.com/artist/1xBARhKI09ZTmeePVDWMCf
67nwj3Y5sZQLl72VNUHEYE,Wale,spotify:artist:67nwj3Y5sZQLl72VNUHEYE,https://api.spotify.com/v1/artists/67nwj3Y5sZQLl72VNUHEYE,https://open.spotify.com/artist/67nwj3Y5sZQLl72VNUHEYE
06tJqpgnM0eWjLfq4Qu1ZV,The Great One,spotify:artist:06tJqpgnM0eWjLfq4Qu1ZV,https://api.spotify.com/v1/artists/06tJqpgnM0eWjLfq4Qu1ZV,https://open.spotify.com/artist/06tJqpgnM0eWjLfq4Qu1ZV
0Lx68xR7ljPeP1E9G8mJDz,Makarel,spotify:artist:0Lx68xR7ljPeP1E9G8mJDz,https://api.spotify.com/v1/artists/0Lx68xR7ljPeP1E9G8mJDz,https://open.spotify.com/artist/0Lx68xR7ljPeP1E9G8mJDz
4LdZNE5MHGqvc0N9ivXNF3,The Joy Formidable,spotify:artist:4LdZNE5MHGqvc0N9ivXNF3,https://api.spotify.com/v1/artists/4LdZNE5MHGqvc0N9ivXNF3,https://open.spotify.com/artist/4LdZNE5MHGqvc0N9ivXNF3
6gwEnJ6srb5Bxr440Jc36J,YUNG KAMI,spotify:artist:6gwEnJ6srb5Bxr440Jc36J,https://api.spotify.com/v1/artists/6gwEnJ6srb5Bxr440Jc36J,https://open.spotify.com/artist/6gwEnJ6srb5Bxr440Jc36J
6nqNC4u7lbI8632C5qgHhI,maløinthetrap,spotify:artist:6nqNC4u7lbI8632C5qgHhI,https://api.spotify.com/v1/artists/6nqNC4u7lbI8632C5qgHhI,https://open.spotify.com/artist/6nqNC4u7lbI8632C5qgHhI
0lHoDF96DNKSIcIpcOfMnq,Whigfield,spotify:artist:0lHoDF96DNKSIcIpcOfMnq,https://api.spotify.com/v1/artists/0lHoDF96DNKSIcIpcOfMnq,https://open.spotify.com/artist/0lHoDF96DNKSIcIpcOfMnq
6dJeKm76NjfXBNTpHmOhfO,Selena Gomez & The Scene,spotify:artist:6dJeKm76NjfXBNTpHmOhfO,https://api.spotify.com/v1/artists/6dJeKm76NjfXBNTpHmOhfO,https://open.spotify.com/artist/6dJeKm76NjfXBNTpHmOhfO
11lfDJHKYzsIVxxKDGJ3NK,Classics Reborn,spotify:artist:11lfDJHKYzsIVxxKDGJ3NK,https://api.spotify.com/v1/artists/11lfDJHKYzsIVxxKDGJ3NK,https://open.spotify.com/artist/11lfDJHKYzsIVxxKDGJ3NK
15UsOTVnJzReFVN1VCnxy4,XXXTENTACION,spotify:artist:15UsOTVnJzReFVN1VCnxy4,https://api.spotify.com/v1/artists/15UsOTVnJzReFVN1VCnxy4,https://open.spotify.com/artist/15UsOTVnJzReFVN1VCnxy4
1Q4ZDIQiVEQKffGixdHOFw,Charlie Futura,spotify:artist:1Q4ZDIQiVEQKffGixdHOFw,https://api.spotify.com/v1/artists/1Q4ZDIQiVEQKffGixdHOFw,https://open.spotify.com/artist/1Q4ZDIQiVEQKffGixdHOFw
1LMDcLMCF3ctsOEEkJUUuT,Jayvoe Davinci,spotify:artist:1LMDcLMCF3ctsOEEkJUUuT,https://api.spotify.com/v1/artists/1LMDcLMCF3ctsOEEkJUUuT,https://open.spotify.com/artist/1LMDcLMCF3ctsOEEkJUUuT
1ddJZimT2se1unRbaYhRkx,Jonas Valli,spotify:artist:1ddJZimT2se1unRbaYhRkx,https://api.spotify.com/v1/artists/1ddJZimT2se1unRbaYhRkx,https://open.spotify.com/artist/1ddJZimT2se1unRbaYhRkx
2oI8K5wwGXFxAMdpXKO0hu,Tezzo Davinci,spotify:artist:2oI8K5wwGXFxAMdpXKO0hu,https://api.spotify.com/v1/artists/2oI8K5wwGXFxAMdpXKO0hu,https://open.spotify.com/artist/2oI8K5wwGXFxAMdpXKO0hu
4PwSFQJVsynQu6zOjSY12W,Fusionman,spotify:artist:4PwSFQJVsynQu6zOjSY12W,https://api.spotify.com/v1/artists/4PwSFQJVsynQu6zOjSY12W,https://open.spotify.com/artist/4PwSFQJVsynQu6zOjSY12W
4kYSro6naA4h99UJvo89HB,Cardi B,spotify:artist:4kYSro6naA4h99UJvo89HB,https://api.spotify.com/v1/artists/4kYSro6naA4h99UJvo89HB,https://open.spotify.com/artist/4kYSro6naA4h99UJvo89HB
181bsRPaVXVlUKXrxwZfHK,Megan Thee Stallion,spotify:artist:181bsRPaVXVlUKXrxwZfHK,https://api.spotify.com/v1/artists/181bsRPaVXVlUKXrxwZfHK,https://open.spotify.com/artist/181bsRPaVXVlUKXrxwZfHK
4MuQBI6XLLp7Ru3LUVGmpu,Micky Pagnano,spotify:artist:4MuQBI6XLLp7Ru3LUVGmpu,https://api.spotify.com/v1/artists/4MuQBI6XLLp7Ru3LUVGmpu,https://open.spotify.com/artist/4MuQBI6XLLp7Ru3LUVGmpu
2MLVhD3uCUeJ6xS2JjN75r,A.c.t,spotify:artist:2MLVhD3uCUeJ6xS2JjN75r,https://api.spotify.com/v1/artists/2MLVhD3uCUeJ6xS2JjN75r,https://open.spotify.com/artist/2MLVhD3uCUeJ6xS2JjN75r
16yUpGkBRgc2eDMd3bB3Uw,MitiS,spotify:artist:16yUpGkBRgc2eDMd3bB3Uw,https://api.spotify.com/v1/artists/16yUpGkBRgc2eDMd3bB3Uw,https://open.spotify.com/artist/16yUpGkBRgc2eDMd3bB3Uw
4O15NlyKLIASxsJ0PrXPfz,Lil Uzi Vert,spotify:artist:4O15NlyKLIASxsJ0PrXPfz,https://api.spotify.com/v1/artists/4O15NlyKLIASxsJ0PrXPfz,https://open.spotify.com/artist/4O15NlyKLIASxsJ0PrXPfz
3ADyFy1orEwODaiHmRRMQp,Puri,spotify:artist:3ADyFy1orEwODaiHmRRMQp,https://api.spotify.com/v1/artists/3ADyFy1orEwODaiHmRRMQp,https://open.spotify.com/artist/3ADyFy1orEwODaiHmRRMQp
3aAX2y0amckZ7WcWoz2f2o,Jhorrmountain,spotify:artist:3aAX2y0amckZ7WcWoz2f2o,https://api.spotify.com/v1/artists/3aAX2y0amckZ7WcWoz2f2o,https://open.spotify.com/artist/3aAX2y0amckZ7WcWoz2f2o
3ivDFy7UfjLbyIGzepJ5hJ,Apollo Fresh,spotify:artist:3ivDFy7UfjLbyIGzepJ5hJ,https://api.spotify.com/v1/artists/3ivDFy7UfjLbyIGzepJ5hJ,https://open.spotify.com/artist/3ivDFy7UfjLbyIGzepJ5hJ
5RccS3VAx0mlv14McuunDh,The New Fools,spotify:artist:5RccS3VAx0mlv14McuunDh,https://api.spotify.com/v1/artists/5RccS3VAx0mlv14McuunDh,https://open.spotify.com/artist/5RccS3VAx0mlv14McuunDh
6ohaQzKaXrobAL8paLSaxq,Salimâ€“Sulaiman,spotify:artist:6ohaQzKaXrobAL8paLSaxq,https://api.spotify.com/v1/artists/6ohaQzKaXrobAL8paLSaxq,https://open.spotify.com/artist/6ohaQzKaXrobAL8paLSaxq
3QtGT9kBiQ3RaHdMWrafjb,The Avains,spotify:artist:3QtGT9kBiQ3RaHdMWrafjb,https://api.spotify.com/v1/artists/3QtGT9kBiQ3RaHdMWrafjb,https://open.spotify.com/artist/3QtGT9kBiQ3RaHdMWrafjb
1r4hJ1h58CWwUQe3MxPuau,Maluma,spotify:artist:1r4hJ1h58CWwUQe3MxPuau,https://api.spotify.com/v1/artists/1r4hJ1h58CWwUQe3MxPuau,https://open.spotify.com/artist/1r4hJ1h58CWwUQe3MxPuau
0Y5tJX1MQlPlqiwlOH1tJY,Travis Scott,spotify:artist:0Y5tJX1MQlPlqiwlOH1tJY,https://api.spotify.com/v1/artists/0Y5tJX1MQlPlqiwlOH1tJY,https://open.spotify.com/artist/0Y5tJX1MQlPlqiwlOH1tJY
50co4Is1HCEo8bhOyUWKpn,Young Thug,spotify:artist:50co4Is1HCEo8bhOyUWKpn,https://api.spotify.com/v1/artists/50co4Is1HCEo8bhOyUWKpn,https://open.spotify.com/artist/50co4Is1HCEo8bhOyUWKpn
0QJIPDAEDILuo8AIq3pMuU,M.I.A.,spotify:artist:0QJIPDAEDILuo8AIq3pMuU,https://api.spotify.com/v1/artists/0QJIPDAEDILuo8AIq3pMuU,https://open.spotify.com/artist/0QJIPDAEDILuo8AIq3pMuU
4Ws2otunReOa6BbwxxpCt6,Benny Benassi,spotify:artist:4Ws2otunReOa6BbwxxpCt6,https://api.spotify.com/v1/artists/4Ws2otunReOa6BbwxxpCt6,https://open.spotify.com/artist/4Ws2otunReOa6BbwxxpCt6
1jQDgp9Fak4WYVZedWLF4G,The Biz,spotify:artist:1jQDgp9Fak4WYVZedWLF4G,https://api.spotify.com/v1/artists/1jQDgp9Fak4WYVZedWLF4G,https://open.spotify.com/artist/1jQDgp9Fak4WYVZedWLF4G
4GvEc3ANtPPjt1ZJllr5Zl,Bazzi,spotify:artist:4GvEc3ANtPPjt1ZJllr5Zl,https://api.spotify.com/v1/artists/4GvEc3ANtPPjt1ZJllr5Zl,https://open.spotify.com/artist/4GvEc3ANtPPjt1ZJllr5Zl
5QKKtcse45h0PZBwjDGZqz,Jyxo,spotify:artist:5QKKtcse45h0PZBwjDGZqz,https://api.spotify.com/v1/artists/5QKKtcse45h0PZBwjDGZqz,https://open.spotify.com/artist/5QKKtcse45h0PZBwjDGZqz
6zvul52xwTWzilBZl6BUbT,Pixies,spotify:artist:6zvul52xwTWzilBZl6BUbT,https://api.spotify.com/v1/artists/6zvul52xwTWzilBZl6BUbT,https://open.spotify.com/artist/6zvul52xwTWzilBZl6BUbT
4wao7cmNmyCk3qaHGrBEUR,تيم ولاد البلد,spotify:artist:4wao7cmNmyCk3qaHGrBEUR,https://api.spotify.com/v1/artists/4wao7cmNmyCk3qaHGrBEUR,https://open.spotify.com/artist/4wao7cmNmyCk3qaHGrBEUR
5Q5EOWhOjAjKXkmasci4Xh,لاد البلد,spotify:artist:5Q5EOWhOjAjKXkmasci4Xh,https://api.spotify.com/v1/artists/5Q5EOWhOjAjKXkmasci4Xh,https://open.spotify.com/artist/5Q5EOWhOjAjKXkmasci4Xh
0mSEB6yr7an1eh2YQRseYO,Nobru Free Fire,spotify:artist:0mSEB6yr7an1eh2YQRseYO,https://api.spotify.com/v1/artists/0mSEB6yr7an1eh2YQRseYO,https://open.spotify.com/artist/0mSEB6yr7an1eh2YQRseYO
3dN9MQpjIyNxyeRfz4EDZe,Rochak Kohli,spotify:artist:3dN9MQpjIyNxyeRfz4EDZe,https://api.spotify.com/v1/artists/3dN9MQpjIyNxyeRfz4EDZe,https://open.spotify.com/artist/3dN9MQpjIyNxyeRfz4EDZe
4YRxDV8wJFPHPTeXepOstw,Arijit Singh,spotify:artist:4YRxDV8wJFPHPTeXepOstw,https://api.spotify.com/v1/artists/4YRxDV8wJFPHPTeXepOstw,https://open.spotify.com/artist/4YRxDV8wJFPHPTeXepOstw
5f4QpKfy7ptCHwTqspnSJI,Neha Kakkar,spotify:artist:5f4QpKfy7ptCHwTqspnSJI,https://api.spotify.com/v1/artists/5f4QpKfy7ptCHwTqspnSJI,https://open.spotify.com/artist/5f4QpKfy7ptCHwTqspnSJI
0du5cEVh5yTK9QJze8zA0C,Bruno Mars,spotify:artist:0du5cEVh5yTK9QJze8zA0C,https://api.spotify.com/v1/artists/0du5cEVh5yTK9QJze8zA0C,https://open.spotify.com/artist/0du5cEVh5yTK9QJze8zA0C
25uiPmTg16RbhZWAqwLBy5,Charli XCX,spotify:artist:25uiPmTg16RbhZWAqwLBy5,https://api.spotify.com/v1/artists/25uiPmTg16RbhZWAqwLBy5,https://open.spotify.com/artist/25uiPmTg16RbhZWAqwLBy5
4IWBUUAFIplrNtaOHcJPRM,James Arthur,spotify:artist:4IWBUUAFIplrNtaOHcJPRM,https://api.spotify.com/v1/artists/4IWBUUAFIplrNtaOHcJPRM,https://open.spotify.com/artist/4IWBUUAFIplrNtaOHcJPRM
5Rl15oVamLq7FbSb0NNBNy,5 Seconds of Summer,spotify:artist:5Rl15oVamLq7FbSb0NNBNy,https://api.spotify.com/v1/artists/5Rl15oVamLq7FbSb0NNBNy,https://open.spotify.com/artist/5Rl15oVamLq7FbSb0NNBNy
4V61EgyV8GpTGVyoMVHM26,Masterd,spotify:artist:4V61EgyV8GpTGVyoMVHM26,https://api.spotify.com/v1/artists/4V61EgyV8GpTGVyoMVHM26,https://open.spotify.com/artist/4V61EgyV8GpTGVyoMVHM26
0Vxqvpm9tpZcz6d4egDtjX,MC PR,spotify:artist:0Vxqvpm9tpZcz6d4egDtjX,https://api.spotify.com/v1/artists/0Vxqvpm9tpZcz6d4egDtjX,https://open.spotify.com/artist/0Vxqvpm9tpZcz6d4egDtjX
6czOKOz60lY0Ay02RYe6Ca,DJ BL,spotify:artist:6czOKOz60lY0Ay02RYe6Ca,https://api.spotify.com/v1/artists/6czOKOz60lY0Ay02RYe6Ca,https://open.spotify.com/artist/6czOKOz60lY0Ay02RYe6Ca
0TV45C7ZCQxtYN69SurP3S,DJ GH7,spotify:artist:0TV45C7ZCQxtYN69SurP3S,https://api.spotify.com/v1/artists/0TV45C7ZCQxtYN69SurP3S,https://open.spotify.com/artist/0TV45C7ZCQxtYN69SurP3S
79TFjMzZr8NRyVNjzIXkd5,None Before,spotify:artist:79TFjMzZr8NRyVNjzIXkd5,https://api.spotify.com/v1/artists/79TFjMzZr8NRyVNjzIXkd5,https://open.spotify.com/artist/79TFjMzZr8NRyVNjzIXkd5
6gWGD0yeQYobb2sq0LUr7k,L.Dre,spotify:artist:6gWGD0yeQYobb2sq0LUr7k,https://api.spotify.com/v1/artists/6gWGD0yeQYobb2sq0LUr7k,https://open.spotify.com/artist/6gWGD0yeQYobb2sq0LUr7k
4KTwPiQN9GowIX0EN1e8em,northwx,spotify:artist:4KTwPiQN9GowIX0EN1e8em,https://api.spotify.com/v1/artists/4KTwPiQN9GowIX0EN1e8em,https://open.spotify.com/artist/4KTwPiQN9GowIX0EN1e8em
6mxfSNx46CcjKkyeJZZexD,RCJIANG,spotify:artist:6mxfSNx46CcjKkyeJZZexD,https://api.spotify.com/v1/artists/6mxfSNx46CcjKkyeJZZexD,https://open.spotify.com/artist/6mxfSNx46CcjKkyeJZZexD
4TjXA854eWs8P5EBgCbQmv,Jah Khalib,spotify:artist:4TjXA854eWs8P5EBgCbQmv,https://api.spotify.com/v1/artists/4TjXA854eWs8P5EBgCbQmv,https://open.spotify.com/artist/4TjXA854eWs8P5EBgCbQmv
5EX4GHE7hkC7mZBkBnDh9B,Маквин,spotify:artist:5EX4GHE7hkC7mZBkBnDh9B,https://api.spotify.com/v1/artists/5EX4GHE7hkC7mZBkBnDh9B,https://open.spotify.com/artist/5EX4GHE7hkC7mZBkBnDh9B
07VFvYYLNw5lgZIibKjUiW,Vlad-Reh,spotify:artist:07VFvYYLNw5lgZIibKjUiW,https://api.spotify.com/v1/artists/07VFvYYLNw5lgZIibKjUiW,https://open.spotify.com/artist/07VFvYYLNw5lgZIibKjUiW
57oDCJP6lM2apxg7Gb9MJg,Lil Expired Lettuce,spotify:artist:57oDCJP6lM2apxg7Gb9MJg,https://api.spotify.com/v1/artists/57oDCJP6lM2apxg7Gb9MJg,https://open.spotify.com/artist/57oDCJP6lM2apxg7Gb9MJg
1VhhG66haEwN2jTjaXiYRQ,Raim,spotify:artist:1VhhG66haEwN2jTjaXiYRQ,https://api.spotify.com/v1/artists/1VhhG66haEwN2jTjaXiYRQ,https://open.spotify.com/artist/1VhhG66haEwN2jTjaXiYRQ
62gbD5grUG3fRC4ww9OX5q,Artur,spotify:artist:62gbD5grUG3fRC4ww9OX5q,https://api.spotify.com/v1/artists/62gbD5grUG3fRC4ww9OX5q,https://open.spotify.com/artist/62gbD5grUG3fRC4ww9OX5q
1J8RGJxKRe2f8g9uVlB1IJ,Адиль,spotify:artist:1J8RGJxKRe2f8g9uVlB1IJ,https://api.spotify.com/v1/artists/1J8RGJxKRe2f8g9uVlB1IJ,https://open.spotify.com/artist/1J8RGJxKRe2f8g9uVlB1IJ
3bmFPbLMiLxtR9tFrTcKcP,Matthew Wilder,spotify:artist:3bmFPbLMiLxtR9tFrTcKcP,https://api.spotify.com/v1/artists/3bmFPbLMiLxtR9tFrTcKcP,https://open.spotify.com/artist/3bmFPbLMiLxtR9tFrTcKcP
5XT3JQKAC683uAOIzWD9bs,Tharindu Bandara,spotify:artist:5XT3JQKAC683uAOIzWD9bs,https://api.spotify.com/v1/artists/5XT3JQKAC683uAOIzWD9bs,https://open.spotify.com/artist/5XT3JQKAC683uAOIzWD9bs
5N0oMOcqrh2ycDSKCo3raQ,Saaff,spotify:artist:5N0oMOcqrh2ycDSKCo3raQ,https://api.spotify.com/v1/artists/5N0oMOcqrh2ycDSKCo3raQ,https://open.spotify.com/artist/5N0oMOcqrh2ycDSKCo3raQ
1vCWHaC5f2uS3yhpwWbIA6,Avicii,spotify:artist:1vCWHaC5f2uS3yhpwWbIA6,https://api.spotify.com/v1/artists/1vCWHaC5f2uS3yhpwWbIA6,https://open.spotify.com/artist/1vCWHaC5f2uS3yhpwWbIA6
1wRPtKGflJrBx9BmLsSwlU,Pritam,spotify:artist:1wRPtKGflJrBx9BmLsSwlU,https://api.spotify.com/v1/artists/1wRPtKGflJrBx9BmLsSwlU,https://open.spotify.com/artist/1wRPtKGflJrBx9BmLsSwlU
6i3DxIlAqnDkwELLw4aVrx,Lele Pons,spotify:artist:6i3DxIlAqnDkwELLw4aVrx,https://api.spotify.com/v1/artists/6i3DxIlAqnDkwELLw4aVrx,https://open.spotify.com/artist/6i3DxIlAqnDkwELLw4aVrx
0BqURncJM5B1BBu7UM51eq,Guaynaa,spotify:artist:0BqURncJM5B1BBu7UM51eq,https://api.spotify.com/v1/artists/0BqURncJM5B1BBu7UM51eq,https://open.spotify.com/artist/0BqURncJM5B1BBu7UM51eq
2M9B9rsnjsMSWLukmYWRUE,Sundre,spotify:artist:2M9B9rsnjsMSWLukmYWRUE,https://api.spotify.com/v1/artists/2M9B9rsnjsMSWLukmYWRUE,https://open.spotify.com/artist/2M9B9rsnjsMSWLukmYWRUE
3u45rXhQ0o9pUL24xlnf6e,Chester Young,spotify:artist:3u45rXhQ0o9pUL24xlnf6e,https://api.spotify.com/v1/artists/3u45rXhQ0o9pUL24xlnf6e,https://open.spotify.com/artist/3u45rXhQ0o9pUL24xlnf6e
4xt0qH1NubQexyAzDa9UlR,Castion,spotify:artist:4xt0qH1NubQexyAzDa9UlR,https://api.spotify.com/v1/artists/4xt0qH1NubQexyAzDa9UlR,https://open.spotify.com/artist/4xt0qH1NubQexyAzDa9UlR
3nGAIGx5Mjj5Bntx64Hzwo,Trapaholics,spotify:artist:3nGAIGx5Mjj5Bntx64Hzwo,https://api.spotify.com/v1/artists/3nGAIGx5Mjj5Bntx64Hzwo,https://open.spotify.com/artist/3nGAIGx5Mjj5Bntx64Hzwo
4GDUCXqY84JSJp66BtGRUS,DJ Dmonio,spotify:artist:4GDUCXqY84JSJp66BtGRUS,https://api.spotify.com/v1/artists/4GDUCXqY84JSJp66BtGRUS,https://open.spotify.com/artist/4GDUCXqY84JSJp66BtGRUS
6jTnHxhb6cDCaCu4rdvsQ0,Hot Chelle Rae,spotify:artist:6jTnHxhb6cDCaCu4rdvsQ0,https://api.spotify.com/v1/artists/6jTnHxhb6cDCaCu4rdvsQ0,https://open.spotify.com/artist/6jTnHxhb6cDCaCu4rdvsQ0
0oaw4MsauBh5lIEBWqhi1r,Ikson,spotify:artist:0oaw4MsauBh5lIEBWqhi1r,https://api.spotify.com/v1/artists/0oaw4MsauBh5lIEBWqhi1r,https://open.spotify.com/artist/0oaw4MsauBh5lIEBWqhi1r
0fEj1fYIQwWj1bzzAto9rp,CHROMANCE,spotify:artist:0fEj1fYIQwWj1bzzAto9rp,https://api.spotify.com/v1/artists/0fEj1fYIQwWj1bzzAto9rp,https://open.spotify.com/artist/0fEj1fYIQwWj1bzzAto9rp
6JzWgxi0nFzcHq7cqpGbiz,Marcus Layton,spotify:artist:6JzWgxi0nFzcHq7cqpGbiz,https://api.spotify.com/v1/artists/6JzWgxi0nFzcHq7cqpGbiz,https://open.spotify.com/artist/6JzWgxi0nFzcHq7cqpGbiz
3fyhhXHbGVLuSHFk2SYx4I,Popp Hunna,spotify:artist:3fyhhXHbGVLuSHFk2SYx4I,https://api.spotify.com/v1/artists/3fyhhXHbGVLuSHFk2SYx4I,https://open.spotify.com/artist/3fyhhXHbGVLuSHFk2SYx4I
0f13fv8SGFFU5VgX9eAQEh,Lit Crew,spotify:artist:0f13fv8SGFFU5VgX9eAQEh,https://api.spotify.com/v1/artists/0f13fv8SGFFU5VgX9eAQEh,https://open.spotify.com/artist/0f13fv8SGFFU5VgX9eAQEh
4Dm1MX4VPbtLssAQeBhHFo,Famke Louise,spotify:artist:4Dm1MX4VPbtLssAQeBhHFo,https://api.spotify.com/v1/artists/4Dm1MX4VPbtLssAQeBhHFo,https://open.spotify.com/artist/4Dm1MX4VPbtLssAQeBhHFo
1FWowTsaucHkPDgmAGGk4T,Allen Mock,spotify:artist:1FWowTsaucHkPDgmAGGk4T,https://api.spotify.com/v1/artists/1FWowTsaucHkPDgmAGGk4T,https://open.spotify.com/artist/1FWowTsaucHkPDgmAGGk4T
164Uj4eKjl6zTBKfJLFKKK,JVKE,spotify:artist:164Uj4eKjl6zTBKfJLFKKK,https://api.spotify.com/v1/artists/164Uj4eKjl6zTBKfJLFKKK,https://open.spotify.com/artist/164Uj4eKjl6zTBKfJLFKKK
6VuMaDnrHyPL1p4EHjYLi7,Charlie Puth,spotify:artist:6VuMaDnrHyPL1p4EHjYLi7,https://api.spotify.com/v1/artists/6VuMaDnrHyPL1p4EHjYLi7,https://open.spotify.com/artist/6VuMaDnrHyPL1p4EHjYLi7
1BQaZSq1KsLOZGzjG5QxRC,Enur,spotify:artist:1BQaZSq1KsLOZGzjG5QxRC,https://api.spotify.com/v1/artists/1BQaZSq1KsLOZGzjG5QxRC,https://open.spotify.com/artist/1BQaZSq1KsLOZGzjG5QxRC
73O5T44Ui5WqxtW6S5JENA,Natasja,spotify:artist:73O5T44Ui5WqxtW6S5JENA,https://api.spotify.com/v1/artists/73O5T44Ui5WqxtW6S5JENA,https://open.spotify.com/artist/73O5T44Ui5WqxtW6S5JENA
76RrKpsvOmSKG8CIjROdSG,MiMS,spotify:artist:76RrKpsvOmSKG8CIjROdSG,https://api.spotify.com/v1/artists/76RrKpsvOmSKG8CIjROdSG,https://open.spotify.com/artist/76RrKpsvOmSKG8CIjROdSG
3QSQFmccmX81fWCUSPTS7y,Dean Lewis,spotify:artist:3QSQFmccmX81fWCUSPTS7y,https://api.spotify.com/v1/artists/3QSQFmccmX81fWCUSPTS7y,https://open.spotify.com/artist/3QSQFmccmX81fWCUSPTS7y
5j4UviqN2JzBpWz3xeTXVk,Gloomy,spotify:artist:5j4UviqN2JzBpWz3xeTXVk,https://api.spotify.com/v1/artists/5j4UviqN2JzBpWz3xeTXVk,https://open.spotify.com/artist/5j4UviqN2JzBpWz3xeTXVk
6dRITqrqRk0F8ncj4a4NhC,Dr.BSKing,spotify:artist:6dRITqrqRk0F8ncj4a4NhC,https://api.spotify.com/v1/artists/6dRITqrqRk0F8ncj4a4NhC,https://open.spotify.com/artist/6dRITqrqRk0F8ncj4a4NhC
0SytIRZqlwKHKpjzWWwTMk,Dinuwa,spotify:artist:0SytIRZqlwKHKpjzWWwTMk,https://api.spotify.com/v1/artists/0SytIRZqlwKHKpjzWWwTMk,https://open.spotify.com/artist/0SytIRZqlwKHKpjzWWwTMk
2PRXnnLWaMCgUeHX1gI5cE,Minnyme,spotify:artist:2PRXnnLWaMCgUeHX1gI5cE,https://api.spotify.com/v1/artists/2PRXnnLWaMCgUeHX1gI5cE,https://open.spotify.com/artist/2PRXnnLWaMCgUeHX1gI5cE
5uYe4bcAXlMP7d4mrOYkML,Niack,spotify:artist:5uYe4bcAXlMP7d4mrOYkML,https://api.spotify.com/v1/artists/5uYe4bcAXlMP7d4mrOYkML,https://open.spotify.com/artist/5uYe4bcAXlMP7d4mrOYkML
4SWOPPVmBsxVY8MZxXkk2S,DJ Felipe Único,spotify:artist:4SWOPPVmBsxVY8MZxXkk2S,https://api.spotify.com/v1/artists/4SWOPPVmBsxVY8MZxXkk2S,https://open.spotify.com/artist/4SWOPPVmBsxVY8MZxXkk2S
3ROfsCFSDz3A1WvStAdFSL,DJ Biel Beats,spotify:artist:3ROfsCFSDz3A1WvStAdFSL,https://api.spotify.com/v1/artists/3ROfsCFSDz3A1WvStAdFSL,https://open.spotify.com/artist/3ROfsCFSDz3A1WvStAdFSL
2DMQ1LeygTDGeyErwBwaeG,Mc Talibã,spotify:artist:2DMQ1LeygTDGeyErwBwaeG,https://api.spotify.com/v1/artists/2DMQ1LeygTDGeyErwBwaeG,https://open.spotify.com/artist/2DMQ1LeygTDGeyErwBwaeG
4BbsSamQy6XSByO4O4Nymt,MC 3L,spotify:artist:4BbsSamQy6XSByO4O4Nymt,https://api.spotify.com/v1/artists/4BbsSamQy6XSByO4O4Nymt,https://open.spotify.com/artist/4BbsSamQy6XSByO4O4Nymt
3RqmAmxw4nHgKDpwyC5IP3,Braski Karim,spotify:artist:3RqmAmxw4nHgKDpwyC5IP3,https://api.spotify.com/v1/artists/3RqmAmxw4nHgKDpwyC5IP3,https://open.spotify.com/artist/3RqmAmxw4nHgKDpwyC5IP3
7bmHPq3iyPcqGxjRWstfbV,Heinz Kiessling,spotify:artist:7bmHPq3iyPcqGxjRWstfbV,https://api.spotify.com/v1/artists/7bmHPq3iyPcqGxjRWstfbV,https://open.spotify.com/artist/7bmHPq3iyPcqGxjRWstfbV
523y9KSneKh6APd1hKxLuF,Master KG,spotify:artist:523y9KSneKh6APd1hKxLuF,https://api.spotify.com/v1/artists/523y9KSneKh6APd1hKxLuF,https://open.spotify.com/artist/523y9KSneKh6APd1hKxLuF
4cfKtwkefMW3aiXtxfw8w6,Nomcebo Zikode,spotify:artist:4cfKtwkefMW3aiXtxfw8w6,https://api.spotify.com/v1/artists/4cfKtwkefMW3aiXtxfw8w6,https://open.spotify.com/artist/4cfKtwkefMW3aiXtxfw8w6
4qIVPF0s71ZYW3qzhu5GkF,Kina,spotify:artist:4qIVPF0s71ZYW3qzhu5GkF,https://api.spotify.com/v1/artists/4qIVPF0s71ZYW3qzhu5GkF,https://open.spotify.com/artist/4qIVPF0s71ZYW3qzhu5GkF
2NM1t8dMvgeu9Lfl06574g,Mishaal,spotify:artist:2NM1t8dMvgeu9Lfl06574g,https://api.spotify.com/v1/artists/2NM1t8dMvgeu9Lfl06574g,https://open.spotify.com/artist/2NM1t8dMvgeu9Lfl06574g
7EZzgqisq9QIAWNq6ODCIt,Variance,spotify:artist:7EZzgqisq9QIAWNq6ODCIt,https://api.spotify.com/v1/artists/7EZzgqisq9QIAWNq6ODCIt,https://open.spotify.com/artist/7EZzgqisq9QIAWNq6ODCIt
